[{"model": "contenttypes.contenttype", "pk": 1, "fields": {"app_label": "admin", "model": "logentry"}}, {"model": "contenttypes.contenttype", "pk": 2, "fields": {"app_label": "auth", "model": "permission"}}, {"model": "contenttypes.contenttype", "pk": 3, "fields": {"app_label": "auth", "model": "group"}}, {"model": "contenttypes.contenttype", "pk": 4, "fields": {"app_label": "contenttypes", "model": "contenttype"}}, {"model": "contenttypes.contenttype", "pk": 5, "fields": {"app_label": "sessions", "model": "session"}}, {"model": "contenttypes.contenttype", "pk": 6, "fields": {"app_label": "homeeats_app", "model": "user"}}, {"model": "contenttypes.contenttype", "pk": 7, "fields": {"app_label": "homeeats_app", "model": "cook"}}, {"model": "contenttypes.contenttype", "pk": 8, "fields": {"app_label": "homeeats_app", "model": "cuisine"}}, {"model": "contenttypes.contenttype", "pk": 9, "fields": {"app_label": "homeeats_app", "model": "dish"}}, {"model": "contenttypes.contenttype", "pk": 10, "fields": {"app_label": "homeeats_app", "model": "customer"}}, {"model": "contenttypes.contenttype", "pk": 11, "fields": {"app_label": "homeeats_app", "model": "dish_review"}}, {"model": "contenttypes.contenttype", "pk": 12, "fields": {"app_label": "homeeats_app", "model": "address"}}, {"model": "contenttypes.contenttype", "pk": 13, "fields": {"app_label": "homeeats_app", "model": "rejectreason"}}, {"model": "contenttypes.contenttype", "pk": 14, "fields": {"app_label": "homeeats_app", "model": "order"}}, {"model": "contenttypes.contenttype", "pk": 15, "fields": {"app_label": "homeeats_app", "model": "item"}}, {"model": "contenttypes.contenttype", "pk": 16, "fields": {"app_label": "homeeats_app", "model": "shoppingcart"}}, {"model": "contenttypes.contenttype", "pk": 17, "fields": {"app_label": "homeeats_app", "model": "cartitem"}}, {"model": "contenttypes.contenttype", "pk": 18, "fields": {"app_label": "homeeats_app", "model": "cookchangerequest"}}, {"model": "sessions.session", "pk": "0k1jz13lhk4n1cqsvtcwrrfbmg3nzfit", "fields": {"session_data": "OWZmNDJjZDBkMDUyMmY4MTk0ZjM5NDNlYjExZGI1Y2FmZTM4NjNiMzp7Il9hdXRoX3VzZXJfaWQiOiIxIiwiX2F1dGhfdXNlcl9iYWNrZW5kIjoiZGphbmdvLmNvbnRyaWIuYXV0aC5iYWNrZW5kcy5Nb2RlbEJhY2tlbmQiLCJfYXV0aF91c2VyX2hhc2giOiJjOWI4MTIwYmIxZWQzZWFlMmNkMTYzMWU2NTkzZGMxMTBlZTM0ZmE0In0=", "expire_date": "2019-12-18T20:03:44.678Z"}}, {"model": "sessions.session", "pk": "29vc0o3pslk37mtsvphe3tipuwefz9nz", "fields": {"session_data": "MmEwYzllOGM0OGE0Yzk5MGYwMGU0ZDNlM2M1MWE5NTg5MDM3YzZhMjp7Il9hdXRoX3VzZXJfaWQiOiIyIiwiX2F1dGhfdXNlcl9iYWNrZW5kIjoiZGphbmdvLmNvbnRyaWIuYXV0aC5iYWNrZW5kcy5Nb2RlbEJhY2tlbmQiLCJfYXV0aF91c2VyX2hhc2giOiIxNTNlMWM2ZDQ1YTQ2N2IyM2MxNjc0YmJkY2U4ODBlNmIxNDY1OWJmIn0=", "expire_date": "2019-11-26T21:01:47.580Z"}}, {"model": "sessions.session", "pk": "3njf1j4sne0bt5hcitg0fmg7gn2nd4vl", "fields": {"session_data": "OTI2MDJhZWI3OTc3NDI5MWQxMzAxOGE3MzRlYzgyMjFjN2U5YmUwODp7Il9hdXRoX3VzZXJfaWQiOiI4IiwiX2F1dGhfdXNlcl9iYWNrZW5kIjoiZGphbmdvLmNvbnRyaWIuYXV0aC5iYWNrZW5kcy5Nb2RlbEJhY2tlbmQiLCJfYXV0aF91c2VyX2hhc2giOiI4ZTllNGRiOWEwMWZkMmZjMmRiZWViM2EwZGUyMGNjOTQ1MWM1NmM4In0=", "expire_date": "2019-11-26T05:47:45.050Z"}}, {"model": "sessions.session", "pk": "8sz1g3z112iwudicle21neupw07oxs3j", "fields": {"session_data": "ZTAzOGUwYTgwNzVlODJjZTRhZWFhMzVkYTdlODI3ODY0Y2I2ZmIyNDp7Il9hdXRoX3VzZXJfaWQiOiI2IiwiX2F1dGhfdXNlcl9iYWNrZW5kIjoiZGphbmdvLmNvbnRyaWIuYXV0aC5iYWNrZW5kcy5Nb2RlbEJhY2tlbmQiLCJfYXV0aF91c2VyX2hhc2giOiJmZWY0YmFmYTIzNjMxY2YzM2M4ZWEyOWI1NTViZGNlMzQ0ZmU5YTJiIn0=", "expire_date": "2019-11-27T19:38:27.040Z"}}, {"model": "sessions.session", "pk": "9q5yvx299349e25ohc8dyt04zuoftiyu", "fields": {"session_data": "OWZmNDJjZDBkMDUyMmY4MTk0ZjM5NDNlYjExZGI1Y2FmZTM4NjNiMzp7Il9hdXRoX3VzZXJfaWQiOiIxIiwiX2F1dGhfdXNlcl9iYWNrZW5kIjoiZGphbmdvLmNvbnRyaWIuYXV0aC5iYWNrZW5kcy5Nb2RlbEJhY2tlbmQiLCJfYXV0aF91c2VyX2hhc2giOiJjOWI4MTIwYmIxZWQzZWFlMmNkMTYzMWU2NTkzZGMxMTBlZTM0ZmE0In0=", "expire_date": "2019-12-02T16:03:51.370Z"}}, {"model": "sessions.session", "pk": "cpbipkftcor0bhm8dnipcbzm0h26r2jb", "fields": {"session_data": "NGM4ZGVmZjNjNGQxNDQ4YjI0MDk2MjI3NDYxOTQwM2FjMDkzM2IzMzp7Il9hdXRoX3VzZXJfaWQiOiI2IiwiX2F1dGhfdXNlcl9iYWNrZW5kIjoiZGphbmdvLmNvbnRyaWIuYXV0aC5iYWNrZW5kcy5Nb2RlbEJhY2tlbmQiLCJfYXV0aF91c2VyX2hhc2giOiI2NzRmNzNlYjFmYzY1MGQyYThkNzA4YTQ0MjVkYzE0M2VhYmUwOTAzIn0=", "expire_date": "2019-12-19T23:16:04.985Z"}}, {"model": "sessions.session", "pk": "du7a15l6ofwnnf4gskc15hsn7pwly40s", "fields": {"session_data": "OWZmNDJjZDBkMDUyMmY4MTk0ZjM5NDNlYjExZGI1Y2FmZTM4NjNiMzp7Il9hdXRoX3VzZXJfaWQiOiIxIiwiX2F1dGhfdXNlcl9iYWNrZW5kIjoiZGphbmdvLmNvbnRyaWIuYXV0aC5iYWNrZW5kcy5Nb2RlbEJhY2tlbmQiLCJfYXV0aF91c2VyX2hhc2giOiJjOWI4MTIwYmIxZWQzZWFlMmNkMTYzMWU2NTkzZGMxMTBlZTM0ZmE0In0=", "expire_date": "2019-12-19T22:27:39.306Z"}}, {"model": "sessions.session", "pk": "gv7h1j1a34orgidhxpfu9bm6jilg35tf", "fields": {"session_data": "MDY5MWEwYzM5MTY3NTQ2YzcwYjNkYzMwNzhhZGUwMTg3YjdlM2RmNzp7Il9hdXRoX3VzZXJfaWQiOiI2IiwiX2F1dGhfdXNlcl9iYWNrZW5kIjoiZGphbmdvLmNvbnRyaWIuYXV0aC5iYWNrZW5kcy5Nb2RlbEJhY2tlbmQiLCJfYXV0aF91c2VyX2hhc2giOiIyZDUyZjdlYTQ4MWE4ZmVmNmVjNGMwZGYzMWMxNzM4NDliN2MzNDYwIn0=", "expire_date": "2019-12-20T00:52:19.678Z"}}, {"model": "sessions.session", "pk": "jtdpf9dlqz0st37pb64iwyyh4cz4aif6", "fields": {"session_data": "OWZmNDJjZDBkMDUyMmY4MTk0ZjM5NDNlYjExZGI1Y2FmZTM4NjNiMzp7Il9hdXRoX3VzZXJfaWQiOiIxIiwiX2F1dGhfdXNlcl9iYWNrZW5kIjoiZGphbmdvLmNvbnRyaWIuYXV0aC5iYWNrZW5kcy5Nb2RlbEJhY2tlbmQiLCJfYXV0aF91c2VyX2hhc2giOiJjOWI4MTIwYmIxZWQzZWFlMmNkMTYzMWU2NTkzZGMxMTBlZTM0ZmE0In0=", "expire_date": "2019-12-13T03:41:35.690Z"}}, {"model": "sessions.session", "pk": "ntu901pkxomtvxeqi06i7bffjnlf2s6d", "fields": {"session_data": "MmEwYzllOGM0OGE0Yzk5MGYwMGU0ZDNlM2M1MWE5NTg5MDM3YzZhMjp7Il9hdXRoX3VzZXJfaWQiOiIyIiwiX2F1dGhfdXNlcl9iYWNrZW5kIjoiZGphbmdvLmNvbnRyaWIuYXV0aC5iYWNrZW5kcy5Nb2RlbEJhY2tlbmQiLCJfYXV0aF91c2VyX2hhc2giOiIxNTNlMWM2ZDQ1YTQ2N2IyM2MxNjc0YmJkY2U4ODBlNmIxNDY1OWJmIn0=", "expire_date": "2019-11-27T19:24:17.011Z"}}, {"model": "sessions.session", "pk": "olps3aaz46073qoa6ash6hxa2t8wmxoc", "fields": {"session_data": "ZTAzOGUwYTgwNzVlODJjZTRhZWFhMzVkYTdlODI3ODY0Y2I2ZmIyNDp7Il9hdXRoX3VzZXJfaWQiOiI2IiwiX2F1dGhfdXNlcl9iYWNrZW5kIjoiZGphbmdvLmNvbnRyaWIuYXV0aC5iYWNrZW5kcy5Nb2RlbEJhY2tlbmQiLCJfYXV0aF91c2VyX2hhc2giOiJmZWY0YmFmYTIzNjMxY2YzM2M4ZWEyOWI1NTViZGNlMzQ0ZmU5YTJiIn0=", "expire_date": "2019-11-27T23:29:13.745Z"}}, {"model": "sessions.session", "pk": "pg0vaqc02q62dcm3zke1oprcy0dun6gx", "fields": {"session_data": "OWZmNDJjZDBkMDUyMmY4MTk0ZjM5NDNlYjExZGI1Y2FmZTM4NjNiMzp7Il9hdXRoX3VzZXJfaWQiOiIxIiwiX2F1dGhfdXNlcl9iYWNrZW5kIjoiZGphbmdvLmNvbnRyaWIuYXV0aC5iYWNrZW5kcy5Nb2RlbEJhY2tlbmQiLCJfYXV0aF91c2VyX2hhc2giOiJjOWI4MTIwYmIxZWQzZWFlMmNkMTYzMWU2NTkzZGMxMTBlZTM0ZmE0In0=", "expire_date": "2019-12-12T23:09:14.441Z"}}, {"model": "sessions.session", "pk": "xsaxnhormz2skuh7m74tgflhdrm8lwnh", "fields": {"session_data": "YzQ4ZDhlNTNhMTViMTQ1ZDY2ZDRmNDA0MWUyN2UyMDdjYWFlOGQ5Mzp7Il9hdXRoX3VzZXJfaWQiOiI3IiwiX2F1dGhfdXNlcl9iYWNrZW5kIjoiZGphbmdvLmNvbnRyaWIuYXV0aC5iYWNrZW5kcy5Nb2RlbEJhY2tlbmQiLCJfYXV0aF91c2VyX2hhc2giOiJiYTk1NmQ1ZTllYjlkODZhNzQ4MTQyZWIyNDdhMjA5NGJlZjc0ZTVhIn0=", "expire_date": "2019-11-27T23:27:26.435Z"}}, {"model": "homeeats_app.cuisine", "pk": 1, "fields": {"name": "Italian", "flag": "flags/italian_yyAghny.png", "cooks": [1, 2, 3]}}, {"model": "homeeats_app.cuisine", "pk": 2, "fields": {"name": "Indian", "flag": "flags/indian_dVVY8Nj.png", "cooks": [1, 2]}}, {"model": "homeeats_app.cuisine", "pk": 3, "fields": {"name": "Mexican", "flag": "flags/mexican_xkYDTSl.png", "cooks": [1]}}, {"model": "homeeats_app.cuisine", "pk": 4, "fields": {"name": "American", "flag": "flags/american_TXnKjqH.png", "cooks": []}}, {"model": "homeeats_app.dish", "pk": 1, "fields": {"title": "Tacos", "cook_disabled": false, "cuisine": 3, "description": "i love tacos", "ingredients": "[\"x\", \"x\", \"x\"]", "dish_image": "dishes/taco_usTnGJF_p1rYNcu_IPIVPSd_NPPOmL9.jpg", "cook_time": 24, "price": "5.00", "cook": 1, "rating": 2, "vegan": false, "allergies": ""}}, {"model": "homeeats_app.dish", "pk": 2, "fields": {"title": "Pasta", "cook_disabled": false, "cuisine": 1, "description": "Pasta with veggies", "ingredients": "[\"noodles\", \"sauce\"]", "dish_image": "dishes/pastapasta.jpeg", "cook_time": 34, "price": "12.00", "cook": 1, "rating": 4, "vegan": false, "allergies": "none"}}, {"model": "homeeats_app.dish", "pk": 3, "fields": {"title": "Chicken Parmesan", "cook_disabled": false, "cuisine": 1, "description": "Breaded chicken on pasta", "ingredients": "[\"chicken\", \"pasta\", \"sauce\"]", "dish_image": "dishes/chickenparm.jpg", "cook_time": 23, "price": "22.00", "cook": 2, "rating": 4, "vegan": false, "allergies": "none"}}, {"model": "homeeats_app.dish", "pk": 4, "fields": {"title": "Burrito", "cook_disabled": false, "cuisine": 3, "description": "A cheesy steak burrito", "ingredients": "[\"tortilla\", \"steak\", \"lettuce\", \"cheese\"]", "dish_image": "dishes/burrito_KGweWCP.jpg", "cook_time": 5, "price": "10.00", "cook": 1, "rating": 3, "vegan": false, "allergies": "dairy"}}, {"model": "homeeats_app.dish", "pk": 5, "fields": {"title": "Fried Chicken", "cook_disabled": false, "cuisine": 4, "description": "Chicken straight from the fryer", "ingredients": "[\"chicken\"]", "dish_image": "dishes/chicken_5qtfBzv.jpg", "cook_time": 4, "price": "8.00", "cook": 1, "rating": 4, "vegan": false, "allergies": "none"}}, {"model": "homeeats_app.dish", "pk": 6, "fields": {"title": "French Fries", "cook_disabled": false, "cuisine": 4, "description": "mcdonalds fries", "ingredients": "[\"potatoes\"]", "dish_image": "dishes/fries_ePE3qTk.jpg", "cook_time": 2, "price": "4.00", "cook": 1, "rating": 4, "vegan": false, "allergies": "none"}}, {"model": "homeeats_app.dish", "pk": 7, "fields": {"title": "Spaghetti", "cook_disabled": false, "cuisine": 1, "description": "your momma's homecooked recipe", "ingredients": "[\"noodles\"]", "dish_image": "dishes/pasta_vTx3b0H.jpg", "cook_time": 15, "price": "12.00", "cook": 1, "rating": 5, "vegan": false, "allergies": "none"}}, {"model": "homeeats_app.dish", "pk": 8, "fields": {"title": "Butter Chicken", "cook_disabled": false, "cuisine": 2, "description": "Chicken in a sauce", "ingredients": "[\"chicken\"]", "dish_image": "dishes/butterchicken.jpg", "cook_time": 15, "price": "11.00", "cook": 2, "rating": 5, "vegan": false, "allergies": "none"}}, {"model": "homeeats_app.dish", "pk": 9, "fields": {"title": "Test", "cook_disabled": false, "cuisine": 1, "description": "b", "ingredients": "[\"a\"]", "dish_image": "dishes/burrito_DLn95im.jpg", "cook_time": 1, "price": "0.01", "cook": 3, "rating": 0, "vegan": false, "allergies": "c"}}, {"model": "homeeats_app.dish_review", "pk": 1, "fields": {"dish_rating": 4, "description": "delicious taco", "report_flag": false, "report_reason": "", "customer": 2, "dish": 1, "date": "2019-11-04T20:37:07.435Z"}}, {"model": "homeeats_app.dish_review", "pk": 2, "fields": {"dish_rating": 2, "description": "mediocre", "report_flag": false, "report_reason": "", "customer": 2, "dish": 1, "date": "2019-11-11T04:47:51.468Z"}}, {"model": "homeeats_app.dish_review", "pk": 4, "fields": {"dish_rating": 5, "description": "delicious", "report_flag": false, "report_reason": "", "customer": 2, "dish": 2, "date": "2019-11-11T05:29:32.543Z"}}, {"model": "homeeats_app.dish_review", "pk": 5, "fields": {"dish_rating": 1, "description": "terrible", "report_flag": false, "report_reason": "", "customer": 2, "dish": 1, "date": "2019-11-11T05:59:05.327Z"}}, {"model": "homeeats_app.dish_review", "pk": 6, "fields": {"dish_rating": 1, "description": "trash", "report_flag": false, "report_reason": "", "customer": 2, "dish": 1, "date": "2019-11-11T06:29:51.742Z"}}, {"model": "homeeats_app.dish_review", "pk": 7, "fields": {"dish_rating": 5, "description": "tastes very homemade!", "report_flag": false, "report_reason": "", "customer": 2, "dish": 7, "date": "2019-11-11T06:58:18.927Z"}}, {"model": "homeeats_app.dish_review", "pk": 8, "fields": {"dish_rating": 4, "description": "very tasty!", "report_flag": false, "report_reason": "", "customer": 2, "dish": 2, "date": "2019-11-11T06:59:48.807Z"}}, {"model": "homeeats_app.dish_review", "pk": 9, "fields": {"dish_rating": 3, "description": "This is some decent fried chicken but definitely nothing special", "report_flag": false, "report_reason": "", "customer": 2, "dish": 5, "date": "2019-11-11T07:00:18.154Z"}}, {"model": "homeeats_app.dish_review", "pk": 10, "fields": {"dish_rating": 4, "description": "very tasty!", "report_flag": false, "report_reason": "", "customer": 2, "dish": 5, "date": "2019-11-11T07:00:32.931Z"}}, {"model": "homeeats_app.dish_review", "pk": 11, "fields": {"dish_rating": 4, "description": "super yummy", "report_flag": false, "report_reason": "", "customer": 2, "dish": 6, "date": "2019-11-11T18:27:46.776Z"}}, {"model": "homeeats_app.dish_review", "pk": 12, "fields": {"dish_rating": 4, "description": "delicious!", "report_flag": false, "report_reason": "", "customer": 4, "dish": 3, "date": "2019-11-12T05:41:18.543Z"}}, {"model": "homeeats_app.dish_review", "pk": 13, "fields": {"dish_rating": 3, "description": "very filling but doesn't taste great", "report_flag": false, "report_reason": "", "customer": 4, "dish": 4, "date": "2019-11-12T05:41:37.453Z"}}, {"model": "homeeats_app.dish_review", "pk": 14, "fields": {"dish_rating": 5, "description": "The best butter chicken I've ever had!", "report_flag": false, "report_reason": "", "customer": 4, "dish": 8, "date": "2019-11-12T05:41:55.584Z"}}, {"model": "homeeats_app.address", "pk": 1, "fields": {"street_name": "42229 Sweet Court", "city": "Chantilly", "state": "Virginia", "zipcode": "20152", "cook": null, "customer": 1, "is_cook_address": false, "current_customer_address": true}}, {"model": "homeeats_app.address", "pk": 2, "fields": {"street_name": "street", "city": "city", "state": "state", "zipcode": "12345", "cook": null, "customer": 2, "is_cook_address": false, "current_customer_address": true}}, {"model": "homeeats_app.address", "pk": 3, "fields": {"street_name": "2210 Fontaine Ave", "city": "Charlottesville", "state": "VA", "zipcode": "22903", "cook": 1, "customer": null, "is_cook_address": true, "current_customer_address": false}}, {"model": "homeeats_app.address", "pk": 4, "fields": {"street_name": "1815 Jefferson Park Avenue", "city": "Charlottesville", "state": "VA", "zipcode": "22903", "cook": null, "customer": 3, "is_cook_address": false, "current_customer_address": true}}, {"model": "homeeats_app.address", "pk": 5, "fields": {"street_name": "1513 Virginia Avenue", "city": "Charlottesville", "state": "VA", "zipcode": "22904", "cook": null, "customer": 4, "is_cook_address": false, "current_customer_address": true}}, {"model": "homeeats_app.address", "pk": 6, "fields": {"street_name": "311 S Conwell St", "city": "Casper", "state": "Wyoming", "zipcode": "82601", "cook": 3, "customer": null, "is_cook_address": true, "current_customer_address": false}}, {"model": "homeeats_app.address", "pk": 7, "fields": {"street_name": "1826 University Ave", "city": "Charlottesville", "state": "Virginia", "zipcode": "22904", "cook": 2, "customer": null, "is_cook_address": true, "current_customer_address": false}}, {"model": "homeeats_app.address", "pk": 9, "fields": {"street_name": "1826 University Avenue", "city": "Charlottesville", "state": "Virginia", "zipcode": "22904", "cook": 5, "customer": null, "is_cook_address": true, "current_customer_address": false}}, {"model": "homeeats_app.rejectreason", "pk": 1, "fields": {"reason": "Out of Supplies"}}, {"model": "homeeats_app.rejectreason", "pk": 2, "fields": {"reason": "Delivery related issue"}}, {"model": "homeeats_app.rejectreason", "pk": 3, "fields": {"reason": "Emergency situation"}}, {"model": "homeeats_app.rejectreason", "pk": 4, "fields": {"reason": "Expired"}}, {"model": "homeeats_app.order", "pk": 1, "fields": {"name": "Customer Customer", "customer": 1, "cook": 1, "item_subtotal": "0.00", "tax": "0.00", "tip": "0.00", "delivery_fee": "0.00", "total": "24.00", "special_requests": "adfasdf", "status": "c", "date": "2019-11-04T20:37:07.533Z", "estimated_arrival_time": null, "actual_arrival_time": null, "pending_deadline": "2019-12-04T20:08:25.846Z", "reject_reason": null}}, {"model": "homeeats_app.order", "pk": 2, "fields": {"name": "Customer Customer", "customer": 1, "cook": 1, "item_subtotal": "0.00", "tax": "0.00", "tip": "0.00", "delivery_fee": "0.00", "total": "21.00", "special_requests": "use less oil please", "status": "p", "date": "2019-11-04T20:37:07.533Z", "estimated_arrival_time": null, "actual_arrival_time": null, "pending_deadline": "2019-12-04T20:08:25.876Z", "reject_reason": null}}, {"model": "homeeats_app.order", "pk": 3, "fields": {"name": "Test Order", "customer": 4, "cook": 2, "item_subtotal": "0.00", "tax": "0.00", "tip": "0.00", "delivery_fee": "0.00", "total": "10.00", "special_requests": "none", "status": "r", "date": "2019-11-11T19:40:21.500Z", "estimated_arrival_time": null, "actual_arrival_time": null, "pending_deadline": "2019-11-11T19:45:21.500Z", "reject_reason": 4}}, {"model": "homeeats_app.item", "pk": 1, "fields": {"dish": 2, "quantity": 2, "subtotal": "0.00", "order": 1, "review": null}}, {"model": "homeeats_app.item", "pk": 2, "fields": {"dish": 1, "quantity": 1, "subtotal": "0.00", "order": 1, "review": null}}, {"model": "homeeats_app.item", "pk": 3, "fields": {"dish": 6, "quantity": 1, "subtotal": "0.00", "order": 3, "review": null}}, {"model": "homeeats_app.shoppingcart", "pk": 1, "fields": {"customer": 1, "cook": null, "item_subtotal": "0.00", "tax": "0.00", "tip": "0.00", "total_before_tip": "0.00", "total_after_tip": "0.00", "empty": true, "special_requests": ""}}, {"model": "homeeats_app.shoppingcart", "pk": 2, "fields": {"customer": 2, "cook": null, "item_subtotal": "0.00", "tax": "0.00", "tip": "0.00", "total_before_tip": "0.00", "total_after_tip": "0.00", "empty": true, "special_requests": ""}}, {"model": "homeeats_app.shoppingcart", "pk": 3, "fields": {"customer": 3, "cook": null, "item_subtotal": "0.00", "tax": "0.00", "tip": "0.00", "total_before_tip": "0.00", "total_after_tip": "0.00", "empty": true, "special_requests": ""}}, {"model": "homeeats_app.shoppingcart", "pk": 4, "fields": {"customer": 4, "cook": null, "item_subtotal": "0.00", "tax": "0.00", "tip": "0.00", "total_before_tip": "0.00", "total_after_tip": "0.00", "empty": true, "special_requests": ""}}, {"model": "auth.permission", "pk": 1, "fields": {"name": "Can add log entry", "content_type": 1, "codename": "add_logentry"}}, {"model": "auth.permission", "pk": 2, "fields": {"name": "Can change log entry", "content_type": 1, "codename": "change_logentry"}}, {"model": "auth.permission", "pk": 3, "fields": {"name": "Can delete log entry", "content_type": 1, "codename": "delete_logentry"}}, {"model": "auth.permission", "pk": 4, "fields": {"name": "Can view log entry", "content_type": 1, "codename": "view_logentry"}}, {"model": "auth.permission", "pk": 5, "fields": {"name": "Can add permission", "content_type": 2, "codename": "add_permission"}}, {"model": "auth.permission", "pk": 6, "fields": {"name": "Can change permission", "content_type": 2, "codename": "change_permission"}}, {"model": "auth.permission", "pk": 7, "fields": {"name": "Can delete permission", "content_type": 2, "codename": "delete_permission"}}, {"model": "auth.permission", "pk": 8, "fields": {"name": "Can view permission", "content_type": 2, "codename": "view_permission"}}, {"model": "auth.permission", "pk": 9, "fields": {"name": "Can add group", "content_type": 3, "codename": "add_group"}}, {"model": "auth.permission", "pk": 10, "fields": {"name": "Can change group", "content_type": 3, "codename": "change_group"}}, {"model": "auth.permission", "pk": 11, "fields": {"name": "Can delete group", "content_type": 3, "codename": "delete_group"}}, {"model": "auth.permission", "pk": 12, "fields": {"name": "Can view group", "content_type": 3, "codename": "view_group"}}, {"model": "auth.permission", "pk": 13, "fields": {"name": "Can add content type", "content_type": 4, "codename": "add_contenttype"}}, {"model": "auth.permission", "pk": 14, "fields": {"name": "Can change content type", "content_type": 4, "codename": "change_contenttype"}}, {"model": "auth.permission", "pk": 15, "fields": {"name": "Can delete content type", "content_type": 4, "codename": "delete_contenttype"}}, {"model": "auth.permission", "pk": 16, "fields": {"name": "Can view content type", "content_type": 4, "codename": "view_contenttype"}}, {"model": "auth.permission", "pk": 17, "fields": {"name": "Can add session", "content_type": 5, "codename": "add_session"}}, {"model": "auth.permission", "pk": 18, "fields": {"name": "Can change session", "content_type": 5, "codename": "change_session"}}, {"model": "auth.permission", "pk": 19, "fields": {"name": "Can delete session", "content_type": 5, "codename": "delete_session"}}, {"model": "auth.permission", "pk": 20, "fields": {"name": "Can view session", "content_type": 5, "codename": "view_session"}}, {"model": "auth.permission", "pk": 21, "fields": {"name": "Can add user", "content_type": 6, "codename": "add_user"}}, {"model": "auth.permission", "pk": 22, "fields": {"name": "Can change user", "content_type": 6, "codename": "change_user"}}, {"model": "auth.permission", "pk": 23, "fields": {"name": "Can delete user", "content_type": 6, "codename": "delete_user"}}, {"model": "auth.permission", "pk": 24, "fields": {"name": "Can view user", "content_type": 6, "codename": "view_user"}}, {"model": "auth.permission", "pk": 25, "fields": {"name": "Can add cook", "content_type": 7, "codename": "add_cook"}}, {"model": "auth.permission", "pk": 26, "fields": {"name": "Can change cook", "content_type": 7, "codename": "change_cook"}}, {"model": "auth.permission", "pk": 27, "fields": {"name": "Can delete cook", "content_type": 7, "codename": "delete_cook"}}, {"model": "auth.permission", "pk": 28, "fields": {"name": "Can view cook", "content_type": 7, "codename": "view_cook"}}, {"model": "auth.permission", "pk": 29, "fields": {"name": "Can add cuisine", "content_type": 8, "codename": "add_cuisine"}}, {"model": "auth.permission", "pk": 30, "fields": {"name": "Can change cuisine", "content_type": 8, "codename": "change_cuisine"}}, {"model": "auth.permission", "pk": 31, "fields": {"name": "Can delete cuisine", "content_type": 8, "codename": "delete_cuisine"}}, {"model": "auth.permission", "pk": 32, "fields": {"name": "Can view cuisine", "content_type": 8, "codename": "view_cuisine"}}, {"model": "auth.permission", "pk": 33, "fields": {"name": "Can add dish", "content_type": 9, "codename": "add_dish"}}, {"model": "auth.permission", "pk": 34, "fields": {"name": "Can change dish", "content_type": 9, "codename": "change_dish"}}, {"model": "auth.permission", "pk": 35, "fields": {"name": "Can delete dish", "content_type": 9, "codename": "delete_dish"}}, {"model": "auth.permission", "pk": 36, "fields": {"name": "Can view dish", "content_type": 9, "codename": "view_dish"}}, {"model": "auth.permission", "pk": 37, "fields": {"name": "Can add customer", "content_type": 10, "codename": "add_customer"}}, {"model": "auth.permission", "pk": 38, "fields": {"name": "Can change customer", "content_type": 10, "codename": "change_customer"}}, {"model": "auth.permission", "pk": 39, "fields": {"name": "Can delete customer", "content_type": 10, "codename": "delete_customer"}}, {"model": "auth.permission", "pk": 40, "fields": {"name": "Can view customer", "content_type": 10, "codename": "view_customer"}}, {"model": "auth.permission", "pk": 41, "fields": {"name": "Can add Dish Review", "content_type": 11, "codename": "add_dish_review"}}, {"model": "auth.permission", "pk": 42, "fields": {"name": "Can change Dish Review", "content_type": 11, "codename": "change_dish_review"}}, {"model": "auth.permission", "pk": 43, "fields": {"name": "Can delete Dish Review", "content_type": 11, "codename": "delete_dish_review"}}, {"model": "auth.permission", "pk": 44, "fields": {"name": "Can view Dish Review", "content_type": 11, "codename": "view_dish_review"}}, {"model": "auth.permission", "pk": 45, "fields": {"name": "Can add address", "content_type": 12, "codename": "add_address"}}, {"model": "auth.permission", "pk": 46, "fields": {"name": "Can change address", "content_type": 12, "codename": "change_address"}}, {"model": "auth.permission", "pk": 47, "fields": {"name": "Can delete address", "content_type": 12, "codename": "delete_address"}}, {"model": "auth.permission", "pk": 48, "fields": {"name": "Can view address", "content_type": 12, "codename": "view_address"}}, {"model": "auth.permission", "pk": 49, "fields": {"name": "Can add order", "content_type": 13, "codename": "add_order"}}, {"model": "auth.permission", "pk": 50, "fields": {"name": "Can change order", "content_type": 13, "codename": "change_order"}}, {"model": "auth.permission", "pk": 51, "fields": {"name": "Can delete order", "content_type": 13, "codename": "delete_order"}}, {"model": "auth.permission", "pk": 52, "fields": {"name": "Can view order", "content_type": 13, "codename": "view_order"}}, {"model": "auth.permission", "pk": 53, "fields": {"name": "Can add item", "content_type": 14, "codename": "add_item"}}, {"model": "auth.permission", "pk": 54, "fields": {"name": "Can change item", "content_type": 14, "codename": "change_item"}}, {"model": "auth.permission", "pk": 55, "fields": {"name": "Can delete item", "content_type": 14, "codename": "delete_item"}}, {"model": "auth.permission", "pk": 56, "fields": {"name": "Can view item", "content_type": 14, "codename": "view_item"}}, {"model": "auth.permission", "pk": 57, "fields": {"name": "Can add shopping cart", "content_type": 15, "codename": "add_shoppingcart"}}, {"model": "auth.permission", "pk": 58, "fields": {"name": "Can change shopping cart", "content_type": 15, "codename": "change_shoppingcart"}}, {"model": "auth.permission", "pk": 59, "fields": {"name": "Can delete shopping cart", "content_type": 15, "codename": "delete_shoppingcart"}}, {"model": "auth.permission", "pk": 60, "fields": {"name": "Can view shopping cart", "content_type": 15, "codename": "view_shoppingcart"}}, {"model": "auth.permission", "pk": 61, "fields": {"name": "Can add cart item", "content_type": 16, "codename": "add_cartitem"}}, {"model": "auth.permission", "pk": 62, "fields": {"name": "Can change cart item", "content_type": 16, "codename": "change_cartitem"}}, {"model": "auth.permission", "pk": 63, "fields": {"name": "Can delete cart item", "content_type": 16, "codename": "delete_cartitem"}}, {"model": "auth.permission", "pk": 64, "fields": {"name": "Can view cart item", "content_type": 16, "codename": "view_cartitem"}}, {"model": "auth.permission", "pk": 65, "fields": {"name": "Can add cart item", "content_type": 17, "codename": "add_cartitem"}}, {"model": "auth.permission", "pk": 66, "fields": {"name": "Can change cart item", "content_type": 17, "codename": "change_cartitem"}}, {"model": "auth.permission", "pk": 67, "fields": {"name": "Can delete cart item", "content_type": 17, "codename": "delete_cartitem"}}, {"model": "auth.permission", "pk": 68, "fields": {"name": "Can view cart item", "content_type": 17, "codename": "view_cartitem"}}, {"model": "auth.permission", "pk": 69, "fields": {"name": "Can add order", "content_type": 14, "codename": "add_order"}}, {"model": "auth.permission", "pk": 70, "fields": {"name": "Can change order", "content_type": 14, "codename": "change_order"}}, {"model": "auth.permission", "pk": 71, "fields": {"name": "Can delete order", "content_type": 14, "codename": "delete_order"}}, {"model": "auth.permission", "pk": 72, "fields": {"name": "Can view order", "content_type": 14, "codename": "view_order"}}, {"model": "auth.permission", "pk": 73, "fields": {"name": "Can add item", "content_type": 15, "codename": "add_item"}}, {"model": "auth.permission", "pk": 74, "fields": {"name": "Can change item", "content_type": 15, "codename": "change_item"}}, {"model": "auth.permission", "pk": 75, "fields": {"name": "Can delete item", "content_type": 15, "codename": "delete_item"}}, {"model": "auth.permission", "pk": 76, "fields": {"name": "Can view item", "content_type": 15, "codename": "view_item"}}, {"model": "auth.permission", "pk": 77, "fields": {"name": "Can add shopping cart", "content_type": 16, "codename": "add_shoppingcart"}}, {"model": "auth.permission", "pk": 78, "fields": {"name": "Can change shopping cart", "content_type": 16, "codename": "change_shoppingcart"}}, {"model": "auth.permission", "pk": 79, "fields": {"name": "Can delete shopping cart", "content_type": 16, "codename": "delete_shoppingcart"}}, {"model": "auth.permission", "pk": 80, "fields": {"name": "Can view shopping cart", "content_type": 16, "codename": "view_shoppingcart"}}, {"model": "auth.permission", "pk": 81, "fields": {"name": "Can add reject reason", "content_type": 13, "codename": "add_rejectreason"}}, {"model": "auth.permission", "pk": 82, "fields": {"name": "Can change reject reason", "content_type": 13, "codename": "change_rejectreason"}}, {"model": "auth.permission", "pk": 83, "fields": {"name": "Can delete reject reason", "content_type": 13, "codename": "delete_rejectreason"}}, {"model": "auth.permission", "pk": 84, "fields": {"name": "Can view reject reason", "content_type": 13, "codename": "view_rejectreason"}}, {"model": "auth.permission", "pk": 85, "fields": {"name": "Can add cook change request", "content_type": 18, "codename": "add_cookchangerequest"}}, {"model": "auth.permission", "pk": 86, "fields": {"name": "Can change cook change request", "content_type": 18, "codename": "change_cookchangerequest"}}, {"model": "auth.permission", "pk": 87, "fields": {"name": "Can delete cook change request", "content_type": 18, "codename": "delete_cookchangerequest"}}, {"model": "auth.permission", "pk": 88, "fields": {"name": "Can view cook change request", "content_type": 18, "codename": "view_cookchangerequest"}}, {"model": "homeeats_app.user", "pk": 1, "fields": {"password": "pbkdf2_sha256$150000$46GsDXox5u2F$wFVYhW0rFCRFVSPUFZl2XOA6GcYDz/d0L9RX1TFNvh4=", "last_login": "2019-12-04T20:03:44.668Z", "is_superuser": true, "username": "ankith", "first_name": "", "last_name": "", "email": "ankith@ankith.com", "is_staff": true, "is_active": true, "date_joined": "2019-10-31T01:55:24.505Z", "is_cook": false, "is_customer": false, "groups": [], "user_permissions": []}}, {"model": "homeeats_app.user", "pk": 2, "fields": {"password": "pbkdf2_sha256$100000$8VpgJx0Ru1Rk$Yw5bFqN01gmEj+mcuEiBzHVTFbAYyZcjvyoG+ooYcKE=", "last_login": "2019-11-13T23:27:56.122Z", "is_superuser": false, "username": "ramsey@ramsey.com", "first_name": "Gordon", "last_name": "Ramsey", "email": "", "is_staff": false, "is_active": true, "date_joined": "2019-10-31T01:57:10Z", "is_cook": true, "is_customer": false, "groups": [], "user_permissions": []}}, {"model": "homeeats_app.user", "pk": 3, "fields": {"password": "pbkdf2_sha256$150000$WQK850EeTDtd$wztuT7RUN+81C+vledydYiLwvsn1Ds3ufxzs8bcGfus=", "last_login": "2019-10-31T17:17:42.066Z", "is_superuser": false, "username": "customer@customer.com", "first_name": "Customer", "last_name": "Customer", "email": "", "is_staff": false, "is_active": true, "date_joined": "2019-10-31T17:17:28.941Z", "is_cook": false, "is_customer": true, "groups": [], "user_permissions": []}}, {"model": "homeeats_app.user", "pk": 4, "fields": {"password": "pbkdf2_sha256$150000$5R1dlTwg78rK$Lj3qYr+Cnqxlq59f2JMzsQkpzGzo06+luWLHH756qYc=", "last_login": "2019-11-11T18:59:57.853Z", "is_superuser": false, "username": "customer@email.com", "first_name": "Cus", "last_name": "tomer", "email": "", "is_staff": false, "is_active": true, "date_joined": "2019-11-01T15:35:46.572Z", "is_cook": false, "is_customer": true, "groups": [], "user_permissions": []}}, {"model": "homeeats_app.user", "pk": 5, "fields": {"password": "pbkdf2_sha256$150000$qfS0qjNrclmE$yM5qBC6fR2ENxuOsO1OtuJC8MlWptV8VUFCdkVHjvfA=", "last_login": "2019-11-12T05:24:13.166Z", "is_superuser": false, "username": "anki@anki.com", "first_name": "Ankith", "last_name": "Yennu", "email": "", "is_staff": false, "is_active": true, "date_joined": "2019-11-05T02:10:02.902Z", "is_cook": false, "is_customer": true, "groups": [], "user_permissions": []}}, {"model": "homeeats_app.user", "pk": 6, "fields": {"password": "pbkdf2_sha256$150000$cEimShAA0Mup$J9kWx6PPV0sQ+CXIwdd/WrKx+Y//nUtYKvLQ8aYG32o=", "last_login": "2019-12-06T00:52:19.644Z", "is_superuser": true, "username": "admin", "first_name": "", "last_name": "", "email": "admin@admin.com", "is_staff": true, "is_active": true, "date_joined": "2019-11-11T19:10:40.577Z", "is_cook": false, "is_customer": false, "groups": [], "user_permissions": []}}, {"model": "homeeats_app.user", "pk": 7, "fields": {"password": "pbkdf2_sha256$150000$DfOuKeDuhKQs$s2uqFXuxxRW90n9PZNslEgD9OFAGb1+t0ktbxDKn4Yk=", "last_login": "2019-12-06T00:17:42.136Z", "is_superuser": false, "username": "test@cook.com", "first_name": "Test", "last_name": "Cook", "email": "", "is_staff": false, "is_active": true, "date_joined": "2019-11-11T19:13:54.258Z", "is_cook": true, "is_customer": false, "groups": [], "user_permissions": []}}, {"model": "homeeats_app.user", "pk": 8, "fields": {"password": "pbkdf2_sha256$100000$zv1xuWQHqp4o$G1TlPrJZRBAmsrZOgIMaRgQ86GnMnblsIuizMjkKY0k=", "last_login": "2019-11-13T19:37:56.949Z", "is_superuser": false, "username": "test@customer.com", "first_name": "Test", "last_name": "Customer", "email": "", "is_staff": false, "is_active": true, "date_joined": "2019-11-11T19:17:00.956Z", "is_cook": false, "is_customer": true, "groups": [], "user_permissions": []}}, {"model": "homeeats_app.user", "pk": 9, "fields": {"password": "pbkdf2_sha256$100000$dXjVNn82Np8y$n+qvc1hle7M6mcOLfOgzVGzd8ejnx8BiFomxEB7vBEk=", "last_login": "2019-11-13T19:36:55.262Z", "is_superuser": false, "username": "faraway@cook.com", "first_name": "Test", "last_name": "Faraway", "email": "", "is_staff": false, "is_active": true, "date_joined": "2019-11-13T19:29:43.946Z", "is_cook": true, "is_customer": false, "groups": [], "user_permissions": []}}, {"model": "homeeats_app.user", "pk": 10, "fields": {"password": "pbkdf2_sha256$150000$p65HbWheMQkp$rEuwfam1LZ90cwG2c/X+pQprvHi76Tt5bihbcW0ieqE=", "last_login": null, "is_superuser": false, "username": "d@d.com", "first_name": "D", "last_name": "D", "email": "", "is_staff": false, "is_active": true, "date_joined": "2019-12-05T22:27:31.137Z", "is_cook": true, "is_customer": false, "groups": [], "user_permissions": []}}, {"model": "homeeats_app.user", "pk": 11, "fields": {"password": "pbkdf2_sha256$150000$7eLX5Cm92DOv$Pm5GVQpyAmsZITGGE0nNk4lwZEeDbTgsinhz4FC6kmU=", "last_login": "2019-12-06T00:50:30.650Z", "is_superuser": false, "username": "photo@cook.com", "first_name": "Photo", "last_name": "Cook", "email": "", "is_staff": false, "is_active": true, "date_joined": "2019-12-06T00:49:53.179Z", "is_cook": true, "is_customer": false, "groups": [], "user_permissions": []}}, {"model": "homeeats_app.cook", "pk": 1, "fields": {"banned": false, "approved": true, "online": true, "kitchen_license": "adfasdfasd", "government_id": "cook_government_ids/id.png", "phone_number": "123123", "user": 2, "delivery_distance_miles": 30, "delivery_fee": "4.00"}}, {"model": "homeeats_app.cook", "pk": 2, "fields": {"banned": false, "approved": true, "online": true, "kitchen_license": "12345678", "government_id": "cook_government_ids/id.png", "phone_number": "4348769087", "user": 7, "delivery_distance_miles": 30, "delivery_fee": "3.00"}}, {"model": "homeeats_app.cook", "pk": 3, "fields": {"banned": false, "approved": true, "online": false, "kitchen_license": "93481", "government_id": "cook_government_ids/id.png", "phone_number": "19830913802", "user": 9, "delivery_distance_miles": 30, "delivery_fee": "0.00"}}, {"model": "homeeats_app.cook", "pk": 5, "fields": {"banned": false, "approved": true, "online": false, "kitchen_license": "9090", "government_id": "cook_government_ids/id.png", "phone_number": "5671234567", "user": 11, "delivery_distance_miles": 20, "delivery_fee": "2.00"}}, {"model": "homeeats_app.customer", "pk": 1, "fields": {"banned": false, "phone_number": "7037862142", "user": 3, "favorites": []}}, {"model": "homeeats_app.customer", "pk": 2, "fields": {"banned": false, "phone_number": "1234567890", "user": 4, "favorites": []}}, {"model": "homeeats_app.customer", "pk": 3, "fields": {"banned": false, "phone_number": "0123456789", "user": 5, "favorites": []}}, {"model": "homeeats_app.customer", "pk": 4, "fields": {"banned": false, "phone_number": "4341230987", "user": 8, "favorites": []}}, {"model": "admin.logentry", "pk": 1, "fields": {"action_time": "2019-10-31T01:58:11.918Z", "user": 1, "content_type": 8, "object_id": "1", "object_repr": "Italian cuisine (1)", "action_flag": 1, "change_message": "[{\"added\": {}}]"}}, {"model": "admin.logentry", "pk": 2, "fields": {"action_time": "2019-10-31T01:58:19.118Z", "user": 1, "content_type": 8, "object_id": "2", "object_repr": "Indian cuisine (2)", "action_flag": 1, "change_message": "[{\"added\": {}}]"}}, {"model": "admin.logentry", "pk": 3, "fields": {"action_time": "2019-10-31T01:58:25.121Z", "user": 1, "content_type": 8, "object_id": "3", "object_repr": "Mexican cuisine (3)", "action_flag": 1, "change_message": "[{\"added\": {}}]"}}, {"model": "admin.logentry", "pk": 4, "fields": {"action_time": "2019-10-31T02:00:14.603Z", "user": 1, "content_type": 9, "object_id": "1", "object_repr": "Tacos (1)", "action_flag": 1, "change_message": "[{\"added\": {}}]"}}, {"model": "admin.logentry", "pk": 5, "fields": {"action_time": "2019-10-31T02:00:40.665Z", "user": 1, "content_type": 9, "object_id": "2", "object_repr": "Pasta (2)", "action_flag": 1, "change_message": "[{\"added\": {}}]"}}, {"model": "admin.logentry", "pk": 6, "fields": {"action_time": "2019-10-31T02:01:10.509Z", "user": 1, "content_type": 9, "object_id": "3", "object_repr": "dasdasdas (3)", "action_flag": 1, "change_message": "[{\"added\": {}}]"}}, {"model": "admin.logentry", "pk": 7, "fields": {"action_time": "2019-10-31T02:01:45.206Z", "user": 1, "content_type": 9, "object_id": "4", "object_repr": "Butter Chicken (4)", "action_flag": 1, "change_message": "[{\"added\": {}}]"}}, {"model": "admin.logentry", "pk": 8, "fields": {"action_time": "2019-10-31T17:19:12.760Z", "user": 1, "content_type": 13, "object_id": "1", "object_repr": "Order object (1)", "action_flag": 1, "change_message": "[{\"added\": {}}]"}}, {"model": "admin.logentry", "pk": 9, "fields": {"action_time": "2019-10-31T17:19:30.683Z", "user": 1, "content_type": 13, "object_id": "2", "object_repr": "Order object (2)", "action_flag": 1, "change_message": "[{\"added\": {}}]"}}, {"model": "admin.logentry", "pk": 10, "fields": {"action_time": "2019-10-31T17:19:58.333Z", "user": 1, "content_type": 14, "object_id": "1", "object_repr": "Item object (1)", "action_flag": 1, "change_message": "[{\"added\": {}}]"}}, {"model": "admin.logentry", "pk": 11, "fields": {"action_time": "2019-10-31T17:20:06.525Z", "user": 1, "content_type": 14, "object_id": "2", "object_repr": "Item object (2)", "action_flag": 1, "change_message": "[{\"added\": {}}]"}}, {"model": "admin.logentry", "pk": 12, "fields": {"action_time": "2019-10-31T17:20:14.764Z", "user": 1, "content_type": 14, "object_id": "3", "object_repr": "Item object (3)", "action_flag": 1, "change_message": "[{\"added\": {}}]"}}, {"model": "admin.logentry", "pk": 13, "fields": {"action_time": "2019-11-05T02:05:09.311Z", "user": 1, "content_type": 12, "object_id": "3", "object_repr": "Address object (3)", "action_flag": 1, "change_message": "[{\"added\": {}}]"}}, {"model": "admin.logentry", "pk": 14, "fields": {"action_time": "2019-11-05T02:08:23.314Z", "user": 1, "content_type": 12, "object_id": "3", "object_repr": "Address object (3)", "action_flag": 2, "change_message": "[{\"changed\": {\"fields\": [\"is_cook_address\"]}}]"}}, {"model": "admin.logentry", "pk": 15, "fields": {"action_time": "2019-11-05T02:08:32.811Z", "user": 1, "content_type": 12, "object_id": "3", "object_repr": "Address object (3)", "action_flag": 2, "change_message": "[]"}}, {"model": "admin.logentry", "pk": 16, "fields": {"action_time": "2019-11-05T04:34:48.773Z", "user": 1, "content_type": 7, "object_id": "1", "object_repr": "Cook d d (1)", "action_flag": 2, "change_message": "[{\"changed\": {\"fields\": [\"approved\"]}}]"}}, {"model": "admin.logentry", "pk": 17, "fields": {"action_time": "2019-11-11T19:14:30.704Z", "user": 6, "content_type": 7, "object_id": "2", "object_repr": "Cook Test Cook (2)", "action_flag": 2, "change_message": "[{\"changed\": {\"fields\": [\"approved\"]}}]"}}, {"model": "admin.logentry", "pk": 18, "fields": {"action_time": "2019-11-11T19:15:30.394Z", "user": 6, "content_type": 13, "object_id": "2", "object_repr": "Order object (2)", "action_flag": 2, "change_message": "[{\"changed\": {\"fields\": [\"status\"]}}]"}}, {"model": "admin.logentry", "pk": 19, "fields": {"action_time": "2019-11-11T19:15:36.497Z", "user": 6, "content_type": 13, "object_id": "1", "object_repr": "Order object (1)", "action_flag": 2, "change_message": "[{\"changed\": {\"fields\": [\"status\"]}}]"}}, {"model": "admin.logentry", "pk": 20, "fields": {"action_time": "2019-11-11T19:40:21.511Z", "user": 6, "content_type": 13, "object_id": "3", "object_repr": "Order object (3)", "action_flag": 1, "change_message": "[{\"added\": {}}]"}}, {"model": "admin.logentry", "pk": 21, "fields": {"action_time": "2019-11-11T19:40:38.952Z", "user": 6, "content_type": 14, "object_id": "3", "object_repr": "Item object (3)", "action_flag": 1, "change_message": "[{\"added\": {}}]"}}, {"model": "admin.logentry", "pk": 22, "fields": {"action_time": "2019-11-11T19:41:25.354Z", "user": 6, "content_type": 13, "object_id": "3", "object_repr": "Order object (3)", "action_flag": 2, "change_message": "[{\"changed\": {\"fields\": [\"name\"]}}]"}}, {"model": "admin.logentry", "pk": 23, "fields": {"action_time": "2019-11-11T19:41:58.604Z", "user": 6, "content_type": 13, "object_id": "4", "object_repr": "Order object (4)", "action_flag": 1, "change_message": "[{\"added\": {}}]"}}, {"model": "admin.logentry", "pk": 24, "fields": {"action_time": "2019-11-11T19:42:12.255Z", "user": 6, "content_type": 14, "object_id": "4", "object_repr": "Item object (4)", "action_flag": 1, "change_message": "[{\"added\": {}}]"}}, {"model": "admin.logentry", "pk": 25, "fields": {"action_time": "2019-11-11T20:54:19.383Z", "user": 6, "content_type": 6, "object_id": "2", "object_repr": "ramsey@ramsey.com", "action_flag": 2, "change_message": "[{\"changed\": {\"fields\": [\"first_name\", \"last_name\"]}}]"}}, {"model": "admin.logentry", "pk": 26, "fields": {"action_time": "2019-11-12T05:23:46.097Z", "user": 6, "content_type": 8, "object_id": "4", "object_repr": "American cuisine (4)", "action_flag": 1, "change_message": "[{\"added\": {}}]"}}, {"model": "admin.logentry", "pk": 27, "fields": {"action_time": "2019-11-12T05:24:29.552Z", "user": 6, "content_type": 9, "object_id": "3", "object_repr": "Chicken Parmesan (3)", "action_flag": 2, "change_message": "[{\"changed\": {\"fields\": [\"title\", \"description\", \"cook\", \"allergies\"]}}]"}}, {"model": "admin.logentry", "pk": 28, "fields": {"action_time": "2019-11-12T05:24:46.894Z", "user": 6, "content_type": 11, "object_id": "3", "object_repr": "Chicken Parmesan Review (3)", "action_flag": 3, "change_message": ""}}, {"model": "admin.logentry", "pk": 29, "fields": {"action_time": "2019-11-12T05:26:01.738Z", "user": 6, "content_type": 9, "object_id": "3", "object_repr": "Chicken Parmesan (3)", "action_flag": 2, "change_message": "[{\"changed\": {\"fields\": [\"dish_image\"]}}]"}}, {"model": "admin.logentry", "pk": 30, "fields": {"action_time": "2019-11-12T05:27:45.536Z", "user": 6, "content_type": 9, "object_id": "4", "object_repr": "Burrito (4)", "action_flag": 2, "change_message": "[{\"changed\": {\"fields\": [\"description\", \"ingredients\", \"allergies\"]}}]"}}, {"model": "admin.logentry", "pk": 31, "fields": {"action_time": "2019-11-12T05:28:18.115Z", "user": 6, "content_type": 9, "object_id": "5", "object_repr": "Fried Chicken (5)", "action_flag": 2, "change_message": "[{\"changed\": {\"fields\": [\"title\", \"cuisine\", \"description\", \"vegan\", \"allergies\"]}}]"}}, {"model": "admin.logentry", "pk": 32, "fields": {"action_time": "2019-11-12T05:28:32.575Z", "user": 6, "content_type": 9, "object_id": "6", "object_repr": "French Fries (6)", "action_flag": 2, "change_message": "[{\"changed\": {\"fields\": [\"cuisine\"]}}]"}}, {"model": "admin.logentry", "pk": 33, "fields": {"action_time": "2019-11-12T05:31:55.892Z", "user": 6, "content_type": 8, "object_id": "1", "object_repr": "Italian cuisine (1)", "action_flag": 2, "change_message": "[{\"changed\": {\"fields\": [\"cooks\"]}}]"}}, {"model": "admin.logentry", "pk": 34, "fields": {"action_time": "2019-11-12T05:33:50.976Z", "user": 6, "content_type": 9, "object_id": "2", "object_repr": "Pasta (2)", "action_flag": 2, "change_message": "[{\"changed\": {\"fields\": [\"description\", \"allergies\"]}}]"}}, {"model": "admin.logentry", "pk": 35, "fields": {"action_time": "2019-11-12T05:39:22.742Z", "user": 6, "content_type": 9, "object_id": "2", "object_repr": "Pasta (2)", "action_flag": 2, "change_message": "[{\"changed\": {\"fields\": [\"description\", \"dish_image\"]}}]"}}, {"model": "admin.logentry", "pk": 36, "fields": {"action_time": "2019-11-12T21:01:28.050Z", "user": 1, "content_type": 13, "object_id": "2", "object_repr": "Order object (2)", "action_flag": 2, "change_message": "[{\"changed\": {\"fields\": [\"status\"]}}]"}}, {"model": "admin.logentry", "pk": 37, "fields": {"action_time": "2019-11-12T21:01:34.276Z", "user": 1, "content_type": 13, "object_id": "1", "object_repr": "Order object (1)", "action_flag": 2, "change_message": "[{\"changed\": {\"fields\": [\"status\"]}}]"}}, {"model": "admin.logentry", "pk": 38, "fields": {"action_time": "2019-11-13T19:30:38.943Z", "user": 6, "content_type": 7, "object_id": "3", "object_repr": "Cook Test Faraway (3)", "action_flag": 2, "change_message": "[{\"changed\": {\"fields\": [\"approved\"]}}]"}}, {"model": "admin.logentry", "pk": 39, "fields": {"action_time": "2019-11-13T19:33:00.728Z", "user": 6, "content_type": 12, "object_id": "6", "object_repr": "Address object (6)", "action_flag": 1, "change_message": "[{\"added\": {}}]"}}, {"model": "admin.logentry", "pk": 40, "fields": {"action_time": "2019-11-13T19:36:05.110Z", "user": 6, "content_type": 12, "object_id": "7", "object_repr": "Address object (7)", "action_flag": 1, "change_message": "[{\"added\": {}}]"}}, {"model": "admin.logentry", "pk": 41, "fields": {"action_time": "2019-11-13T19:37:46.101Z", "user": 6, "content_type": 7, "object_id": "3", "object_repr": "Cook Test Faraway (3)", "action_flag": 2, "change_message": "[{\"changed\": {\"fields\": [\"delivery_distance_miles\"]}}]"}}, {"model": "admin.logentry", "pk": 42, "fields": {"action_time": "2019-11-13T19:38:38.140Z", "user": 6, "content_type": 7, "object_id": "3", "object_repr": "Cook Test Faraway (3)", "action_flag": 2, "change_message": "[{\"changed\": {\"fields\": [\"delivery_distance_miles\"]}}]"}}, {"model": "admin.logentry", "pk": 43, "fields": {"action_time": "2019-11-13T23:30:27.006Z", "user": 6, "content_type": 8, "object_id": "4", "object_repr": "American cuisine (4)", "action_flag": 2, "change_message": "[{\"changed\": {\"fields\": [\"flag\"]}}]"}}, {"model": "admin.logentry", "pk": 44, "fields": {"action_time": "2019-11-13T23:30:37.703Z", "user": 6, "content_type": 8, "object_id": "3", "object_repr": "Mexican cuisine (3)", "action_flag": 2, "change_message": "[{\"changed\": {\"fields\": [\"flag\"]}}]"}}, {"model": "admin.logentry", "pk": 45, "fields": {"action_time": "2019-11-13T23:30:49.709Z", "user": 6, "content_type": 8, "object_id": "2", "object_repr": "Indian cuisine (2)", "action_flag": 2, "change_message": "[{\"changed\": {\"fields\": [\"flag\"]}}]"}}, {"model": "admin.logentry", "pk": 46, "fields": {"action_time": "2019-11-13T23:30:59.053Z", "user": 6, "content_type": 8, "object_id": "1", "object_repr": "Italian cuisine (1)", "action_flag": 2, "change_message": "[{\"changed\": {\"fields\": [\"flag\"]}}]"}}, {"model": "admin.logentry", "pk": 47, "fields": {"action_time": "2019-11-18T16:04:12.861Z", "user": 1, "content_type": 15, "object_id": "1", "object_repr": "ShoppingCart object (1)", "action_flag": 1, "change_message": "[{\"added\": {}}]"}}, {"model": "admin.logentry", "pk": 48, "fields": {"action_time": "2019-11-18T16:04:21.247Z", "user": 1, "content_type": 15, "object_id": "2", "object_repr": "ShoppingCart object (2)", "action_flag": 1, "change_message": "[{\"added\": {}}]"}}, {"model": "admin.logentry", "pk": 49, "fields": {"action_time": "2019-11-18T16:04:26.848Z", "user": 1, "content_type": 15, "object_id": "3", "object_repr": "ShoppingCart object (3)", "action_flag": 1, "change_message": "[{\"added\": {}}]"}}, {"model": "admin.logentry", "pk": 50, "fields": {"action_time": "2019-11-18T16:04:31.841Z", "user": 1, "content_type": 15, "object_id": "4", "object_repr": "ShoppingCart object (4)", "action_flag": 1, "change_message": "[{\"added\": {}}]"}}, {"model": "admin.logentry", "pk": 51, "fields": {"action_time": "2019-11-28T23:09:22.059Z", "user": 1, "content_type": 7, "object_id": "2", "object_repr": "Cook Test Cook (2)", "action_flag": 2, "change_message": "[{\"changed\": {\"fields\": [\"delivery_fee\"]}}]"}}, {"model": "admin.logentry", "pk": 52, "fields": {"action_time": "2019-11-28T23:09:27.543Z", "user": 1, "content_type": 7, "object_id": "1", "object_repr": "Cook Gordon Ramsey (1)", "action_flag": 2, "change_message": "[{\"changed\": {\"fields\": [\"delivery_fee\"]}}]"}}, {"model": "admin.logentry", "pk": 53, "fields": {"action_time": "2019-11-29T03:42:46.980Z", "user": 1, "content_type": 12, "object_id": "4", "object_repr": "Address object (4)", "action_flag": 2, "change_message": "[{\"changed\": {\"fields\": [\"current_customer_address\"]}}]"}}, {"model": "admin.logentry", "pk": 54, "fields": {"action_time": "2019-11-29T03:42:55.455Z", "user": 1, "content_type": 12, "object_id": "5", "object_repr": "Address object (5)", "action_flag": 2, "change_message": "[{\"changed\": {\"fields\": [\"current_customer_address\"]}}]"}}, {"model": "admin.logentry", "pk": 55, "fields": {"action_time": "2019-11-29T03:43:01.170Z", "user": 1, "content_type": 12, "object_id": "2", "object_repr": "Address object (2)", "action_flag": 2, "change_message": "[{\"changed\": {\"fields\": [\"current_customer_address\"]}}]"}}, {"model": "admin.logentry", "pk": 56, "fields": {"action_time": "2019-11-29T03:43:06.124Z", "user": 1, "content_type": 12, "object_id": "1", "object_repr": "Address object (1)", "action_flag": 2, "change_message": "[{\"changed\": {\"fields\": [\"current_customer_address\"]}}]"}}, {"model": "admin.logentry", "pk": 57, "fields": {"action_time": "2019-12-04T20:04:25.463Z", "user": 1, "content_type": 13, "object_id": "1", "object_repr": "RejectReason object (1)", "action_flag": 1, "change_message": "[{\"added\": {}}]"}}, {"model": "admin.logentry", "pk": 58, "fields": {"action_time": "2019-12-04T20:04:41.723Z", "user": 1, "content_type": 13, "object_id": "2", "object_repr": "RejectReason object (2)", "action_flag": 1, "change_message": "[{\"added\": {}}]"}}, {"model": "admin.logentry", "pk": 59, "fields": {"action_time": "2019-12-04T20:04:50.661Z", "user": 1, "content_type": 13, "object_id": "3", "object_repr": "RejectReason object (3)", "action_flag": 1, "change_message": "[{\"added\": {}}]"}}, {"model": "admin.logentry", "pk": 60, "fields": {"action_time": "2019-12-05T23:13:36.511Z", "user": 6, "content_type": 18, "object_id": "1", "object_repr": "CookChangeRequest object (1)", "action_flag": 3, "change_message": ""}}, {"model": "admin.logentry", "pk": 61, "fields": {"action_time": "2019-12-06T00:52:36.677Z", "user": 6, "content_type": 7, "object_id": "4", "object_repr": "D D (4)", "action_flag": 3, "change_message": ""}}, {"model": "admin.logentry", "pk": 62, "fields": {"action_time": "2019-12-06T00:52:42.504Z", "user": 6, "content_type": 7, "object_id": "5", "object_repr": "Photo Cook (5)", "action_flag": 2, "change_message": "[{\"changed\": {\"fields\": [\"approved\"]}}]"}}]