[{"model": "contenttypes.contenttype", "pk": 1, "fields": {"app_label": "admin", "model": "logentry"}}, {"model": "contenttypes.contenttype", "pk": 2, "fields": {"app_label": "auth", "model": "permission"}}, {"model": "contenttypes.contenttype", "pk": 3, "fields": {"app_label": "auth", "model": "group"}}, {"model": "contenttypes.contenttype", "pk": 4, "fields": {"app_label": "contenttypes", "model": "contenttype"}}, {"model": "contenttypes.contenttype", "pk": 5, "fields": {"app_label": "sessions", "model": "session"}}, {"model": "contenttypes.contenttype", "pk": 6, "fields": {"app_label": "homeeats_app", "model": "user"}}, {"model": "contenttypes.contenttype", "pk": 7, "fields": {"app_label": "homeeats_app", "model": "cook"}}, {"model": "contenttypes.contenttype", "pk": 8, "fields": {"app_label": "homeeats_app", "model": "cuisine"}}, {"model": "contenttypes.contenttype", "pk": 9, "fields": {"app_label": "homeeats_app", "model": "dish"}}, {"model": "contenttypes.contenttype", "pk": 10, "fields": {"app_label": "homeeats_app", "model": "customer"}}, {"model": "contenttypes.contenttype", "pk": 11, "fields": {"app_label": "homeeats_app", "model": "dish_review"}}, {"model": "contenttypes.contenttype", "pk": 12, "fields": {"app_label": "homeeats_app", "model": "address"}}, {"model": "contenttypes.contenttype", "pk": 13, "fields": {"app_label": "homeeats_app", "model": "rejectreason"}}, {"model": "contenttypes.contenttype", "pk": 14, "fields": {"app_label": "homeeats_app", "model": "order"}}, {"model": "contenttypes.contenttype", "pk": 15, "fields": {"app_label": "homeeats_app", "model": "item"}}, {"model": "contenttypes.contenttype", "pk": 16, "fields": {"app_label": "homeeats_app", "model": "shoppingcart"}}, {"model": "contenttypes.contenttype", "pk": 17, "fields": {"app_label": "homeeats_app", "model": "cartitem"}}, {"model": "contenttypes.contenttype", "pk": 18, "fields": {"app_label": "homeeats_app", "model": "cookchangerequest"}}, {"model": "contenttypes.contenttype", "pk": 19, "fields": {"app_label": "homeeats_app", "model": "ordermessage"}}, {"model": "sessions.session", "pk": "0x6jhzaq8z8gq05873ndg3t21m7eax1c", "fields": {"session_data": "YzIyM2FlZGVhYTlmZWEwNTc1YjZhODYyODJkOWEwYjBmZTQ0MTljMjp7Il9hdXRoX3VzZXJfaWQiOiI0IiwiX2F1dGhfdXNlcl9iYWNrZW5kIjoiZGphbmdvLmNvbnRyaWIuYXV0aC5iYWNrZW5kcy5Nb2RlbEJhY2tlbmQiLCJfYXV0aF91c2VyX2hhc2giOiI3ZmE4NWFjMDlmMzkwMDE1ZjRlM2FiODAxMGEyMjg0YTBmZThhOTExIn0=", "expire_date": "2020-02-07T03:16:53.888Z"}}, {"model": "sessions.session", "pk": "1vwopalgxe4pdsdppwpz3q4fqpelbqyr", "fields": {"session_data": "N2MzNzYxMzAwZWI4NTMyMWIxNGU5NDljNzViNDdiZmI0MTNiNjc0Nzp7Il9hdXRoX3VzZXJfaWQiOiIxIiwiX2F1dGhfdXNlcl9iYWNrZW5kIjoiZGphbmdvLmNvbnRyaWIuYXV0aC5iYWNrZW5kcy5Nb2RlbEJhY2tlbmQiLCJfYXV0aF91c2VyX2hhc2giOiIxMTViYTJmOWNlNjI3OWZiZDcwNjBiMzVmZmY4MWMyODQ0YjYyNDIyIn0=", "expire_date": "2020-02-26T22:56:09.167Z"}}, {"model": "sessions.session", "pk": "5gvw4hbasrrkxrhxe4eo03mqhs9iaxn6", "fields": {"session_data": "ZGEyYzJiYmJiNmVhYzMxYmZmODJmMzQ5ZDRjZjUyMjA3MjcwNDMxNjp7Il9hdXRoX3VzZXJfaWQiOiI2IiwiX2F1dGhfdXNlcl9iYWNrZW5kIjoiZGphbmdvLmNvbnRyaWIuYXV0aC5iYWNrZW5kcy5Nb2RlbEJhY2tlbmQiLCJfYXV0aF91c2VyX2hhc2giOiI2NWRjNjhhMWNiN2Y2NWE1Y2JiNmYzYjE4NTQwNTk1YTM4YTU3OTY0In0=", "expire_date": "2020-02-12T16:39:27.648Z"}}, {"model": "sessions.session", "pk": "6zxe9bd38ho22al22d69eyhin0u2ubqo", "fields": {"session_data": "MjdmOTYyMDFjMDdkYjZhYmVkMTQ3ZDJmMTI1YWQzNmU0MzUyYTY1NDp7Il9hdXRoX3VzZXJfaWQiOiI1IiwiX2F1dGhfdXNlcl9iYWNrZW5kIjoiZGphbmdvLmNvbnRyaWIuYXV0aC5iYWNrZW5kcy5Nb2RlbEJhY2tlbmQiLCJfYXV0aF91c2VyX2hhc2giOiIwZWUzOGExNmU4YWNmZjM3NjIxYWUzOWVjNzk0ZDg5ZGE2MGJjNDgwIn0=", "expire_date": "2020-02-09T23:01:01.886Z"}}, {"model": "sessions.session", "pk": "7ka74kebhejh3foijj81svqu5io11shh", "fields": {"session_data": "MjdmOTYyMDFjMDdkYjZhYmVkMTQ3ZDJmMTI1YWQzNmU0MzUyYTY1NDp7Il9hdXRoX3VzZXJfaWQiOiI1IiwiX2F1dGhfdXNlcl9iYWNrZW5kIjoiZGphbmdvLmNvbnRyaWIuYXV0aC5iYWNrZW5kcy5Nb2RlbEJhY2tlbmQiLCJfYXV0aF91c2VyX2hhc2giOiIwZWUzOGExNmU4YWNmZjM3NjIxYWUzOWVjNzk0ZDg5ZGE2MGJjNDgwIn0=", "expire_date": "2019-12-21T03:50:23.739Z"}}, {"model": "sessions.session", "pk": "7wegul06lq41buva02xj9h9bj04411v2", "fields": {"session_data": "YzIyM2FlZGVhYTlmZWEwNTc1YjZhODYyODJkOWEwYjBmZTQ0MTljMjp7Il9hdXRoX3VzZXJfaWQiOiI0IiwiX2F1dGhfdXNlcl9iYWNrZW5kIjoiZGphbmdvLmNvbnRyaWIuYXV0aC5iYWNrZW5kcy5Nb2RlbEJhY2tlbmQiLCJfYXV0aF91c2VyX2hhc2giOiI3ZmE4NWFjMDlmMzkwMDE1ZjRlM2FiODAxMGEyMjg0YTBmZThhOTExIn0=", "expire_date": "2020-02-10T17:56:08.564Z"}}, {"model": "sessions.session", "pk": "88k1dkd1usqvjveejw38qjecdaxy8nmq", "fields": {"session_data": "YzIyM2FlZGVhYTlmZWEwNTc1YjZhODYyODJkOWEwYjBmZTQ0MTljMjp7Il9hdXRoX3VzZXJfaWQiOiI0IiwiX2F1dGhfdXNlcl9iYWNrZW5kIjoiZGphbmdvLmNvbnRyaWIuYXV0aC5iYWNrZW5kcy5Nb2RlbEJhY2tlbmQiLCJfYXV0aF91c2VyX2hhc2giOiI3ZmE4NWFjMDlmMzkwMDE1ZjRlM2FiODAxMGEyMjg0YTBmZThhOTExIn0=", "expire_date": "2020-01-04T20:53:02.207Z"}}, {"model": "sessions.session", "pk": "8c9g6e3x0po6qtvn7cgh8rtey8v7fzp5", "fields": {"session_data": "YzIyM2FlZGVhYTlmZWEwNTc1YjZhODYyODJkOWEwYjBmZTQ0MTljMjp7Il9hdXRoX3VzZXJfaWQiOiI0IiwiX2F1dGhfdXNlcl9iYWNrZW5kIjoiZGphbmdvLmNvbnRyaWIuYXV0aC5iYWNrZW5kcy5Nb2RlbEJhY2tlbmQiLCJfYXV0aF91c2VyX2hhc2giOiI3ZmE4NWFjMDlmMzkwMDE1ZjRlM2FiODAxMGEyMjg0YTBmZThhOTExIn0=", "expire_date": "2020-02-19T17:54:31.627Z"}}, {"model": "sessions.session", "pk": "8yw1tlydoxa9ktfauch0d8rc9mp6ghgq", "fields": {"session_data": "YzIyM2FlZGVhYTlmZWEwNTc1YjZhODYyODJkOWEwYjBmZTQ0MTljMjp7Il9hdXRoX3VzZXJfaWQiOiI0IiwiX2F1dGhfdXNlcl9iYWNrZW5kIjoiZGphbmdvLmNvbnRyaWIuYXV0aC5iYWNrZW5kcy5Nb2RlbEJhY2tlbmQiLCJfYXV0aF91c2VyX2hhc2giOiI3ZmE4NWFjMDlmMzkwMDE1ZjRlM2FiODAxMGEyMjg0YTBmZThhOTExIn0=", "expire_date": "2020-03-08T20:56:36.431Z"}}, {"model": "sessions.session", "pk": "ceevq5ck6aeakjr2y2eo657otabqn2hh", "fields": {"session_data": "YzIyM2FlZGVhYTlmZWEwNTc1YjZhODYyODJkOWEwYjBmZTQ0MTljMjp7Il9hdXRoX3VzZXJfaWQiOiI0IiwiX2F1dGhfdXNlcl9iYWNrZW5kIjoiZGphbmdvLmNvbnRyaWIuYXV0aC5iYWNrZW5kcy5Nb2RlbEJhY2tlbmQiLCJfYXV0aF91c2VyX2hhc2giOiI3ZmE4NWFjMDlmMzkwMDE1ZjRlM2FiODAxMGEyMjg0YTBmZThhOTExIn0=", "expire_date": "2020-02-10T16:59:20.824Z"}}, {"model": "sessions.session", "pk": "daltyqteozofow3hnvmx81mqy9cyazxb", "fields": {"session_data": "YzIyM2FlZGVhYTlmZWEwNTc1YjZhODYyODJkOWEwYjBmZTQ0MTljMjp7Il9hdXRoX3VzZXJfaWQiOiI0IiwiX2F1dGhfdXNlcl9iYWNrZW5kIjoiZGphbmdvLmNvbnRyaWIuYXV0aC5iYWNrZW5kcy5Nb2RlbEJhY2tlbmQiLCJfYXV0aF91c2VyX2hhc2giOiI3ZmE4NWFjMDlmMzkwMDE1ZjRlM2FiODAxMGEyMjg0YTBmZThhOTExIn0=", "expire_date": "2020-02-12T14:48:18.800Z"}}, {"model": "sessions.session", "pk": "fp3eg210qmx422qcknylambhkhocttqs", "fields": {"session_data": "YzIyM2FlZGVhYTlmZWEwNTc1YjZhODYyODJkOWEwYjBmZTQ0MTljMjp7Il9hdXRoX3VzZXJfaWQiOiI0IiwiX2F1dGhfdXNlcl9iYWNrZW5kIjoiZGphbmdvLmNvbnRyaWIuYXV0aC5iYWNrZW5kcy5Nb2RlbEJhY2tlbmQiLCJfYXV0aF91c2VyX2hhc2giOiI3ZmE4NWFjMDlmMzkwMDE1ZjRlM2FiODAxMGEyMjg0YTBmZThhOTExIn0=", "expire_date": "2020-02-10T02:19:25.876Z"}}, {"model": "sessions.session", "pk": "h0fcy01pdtgdcbh7fn63y4r7nwpvissk", "fields": {"session_data": "N2MzNzYxMzAwZWI4NTMyMWIxNGU5NDljNzViNDdiZmI0MTNiNjc0Nzp7Il9hdXRoX3VzZXJfaWQiOiIxIiwiX2F1dGhfdXNlcl9iYWNrZW5kIjoiZGphbmdvLmNvbnRyaWIuYXV0aC5iYWNrZW5kcy5Nb2RlbEJhY2tlbmQiLCJfYXV0aF91c2VyX2hhc2giOiIxMTViYTJmOWNlNjI3OWZiZDcwNjBiMzVmZmY4MWMyODQ0YjYyNDIyIn0=", "expire_date": "2020-02-22T00:09:48.716Z"}}, {"model": "sessions.session", "pk": "hqq06tin4cw0sdt8qcbpu6ry3mrhbkz8", "fields": {"session_data": "YzIyM2FlZGVhYTlmZWEwNTc1YjZhODYyODJkOWEwYjBmZTQ0MTljMjp7Il9hdXRoX3VzZXJfaWQiOiI0IiwiX2F1dGhfdXNlcl9iYWNrZW5kIjoiZGphbmdvLmNvbnRyaWIuYXV0aC5iYWNrZW5kcy5Nb2RlbEJhY2tlbmQiLCJfYXV0aF91c2VyX2hhc2giOiI3ZmE4NWFjMDlmMzkwMDE1ZjRlM2FiODAxMGEyMjg0YTBmZThhOTExIn0=", "expire_date": "2020-02-24T18:12:53.041Z"}}, {"model": "sessions.session", "pk": "hx4fb81u9h8k9r4zw2rl3j52051i52li", "fields": {"session_data": "ZGEyYzJiYmJiNmVhYzMxYmZmODJmMzQ5ZDRjZjUyMjA3MjcwNDMxNjp7Il9hdXRoX3VzZXJfaWQiOiI2IiwiX2F1dGhfdXNlcl9iYWNrZW5kIjoiZGphbmdvLmNvbnRyaWIuYXV0aC5iYWNrZW5kcy5Nb2RlbEJhY2tlbmQiLCJfYXV0aF91c2VyX2hhc2giOiI2NWRjNjhhMWNiN2Y2NWE1Y2JiNmYzYjE4NTQwNTk1YTM4YTU3OTY0In0=", "expire_date": "2020-02-24T02:26:52.785Z"}}, {"model": "sessions.session", "pk": "j9fz9x6uumyswona2vmltuam0owqcroz", "fields": {"session_data": "N2MzNzYxMzAwZWI4NTMyMWIxNGU5NDljNzViNDdiZmI0MTNiNjc0Nzp7Il9hdXRoX3VzZXJfaWQiOiIxIiwiX2F1dGhfdXNlcl9iYWNrZW5kIjoiZGphbmdvLmNvbnRyaWIuYXV0aC5iYWNrZW5kcy5Nb2RlbEJhY2tlbmQiLCJfYXV0aF91c2VyX2hhc2giOiIxMTViYTJmOWNlNjI3OWZiZDcwNjBiMzVmZmY4MWMyODQ0YjYyNDIyIn0=", "expire_date": "2019-12-20T19:54:09.214Z"}}, {"model": "sessions.session", "pk": "l0hjz5bw2qsj9khr90udbm8rqr6d8l9v", "fields": {"session_data": "ZGEyYzJiYmJiNmVhYzMxYmZmODJmMzQ5ZDRjZjUyMjA3MjcwNDMxNjp7Il9hdXRoX3VzZXJfaWQiOiI2IiwiX2F1dGhfdXNlcl9iYWNrZW5kIjoiZGphbmdvLmNvbnRyaWIuYXV0aC5iYWNrZW5kcy5Nb2RlbEJhY2tlbmQiLCJfYXV0aF91c2VyX2hhc2giOiI2NWRjNjhhMWNiN2Y2NWE1Y2JiNmYzYjE4NTQwNTk1YTM4YTU3OTY0In0=", "expire_date": "2020-02-12T17:29:38.752Z"}}, {"model": "sessions.session", "pk": "l3vs1usyk97xrw6s02h6bc2bkthgjr6t", "fields": {"session_data": "ZGEyYzJiYmJiNmVhYzMxYmZmODJmMzQ5ZDRjZjUyMjA3MjcwNDMxNjp7Il9hdXRoX3VzZXJfaWQiOiI2IiwiX2F1dGhfdXNlcl9iYWNrZW5kIjoiZGphbmdvLmNvbnRyaWIuYXV0aC5iYWNrZW5kcy5Nb2RlbEJhY2tlbmQiLCJfYXV0aF91c2VyX2hhc2giOiI2NWRjNjhhMWNiN2Y2NWE1Y2JiNmYzYjE4NTQwNTk1YTM4YTU3OTY0In0=", "expire_date": "2020-02-24T17:27:53.774Z"}}, {"model": "sessions.session", "pk": "lh3pck9aifv926iaq3drdc6rld4k4d3j", "fields": {"session_data": "YzIyM2FlZGVhYTlmZWEwNTc1YjZhODYyODJkOWEwYjBmZTQ0MTljMjp7Il9hdXRoX3VzZXJfaWQiOiI0IiwiX2F1dGhfdXNlcl9iYWNrZW5kIjoiZGphbmdvLmNvbnRyaWIuYXV0aC5iYWNrZW5kcy5Nb2RlbEJhY2tlbmQiLCJfYXV0aF91c2VyX2hhc2giOiI3ZmE4NWFjMDlmMzkwMDE1ZjRlM2FiODAxMGEyMjg0YTBmZThhOTExIn0=", "expire_date": "2020-02-26T20:55:17.020Z"}}, {"model": "sessions.session", "pk": "naqmehljaxormm85xxx4h1a4n08mh28n", "fields": {"session_data": "YTViYWE5MGQ2OTFhMDk5NThjNDcxOWFhMTIxODgyYjZkYTUwYTI5Nzp7Il9hdXRoX3VzZXJfaWQiOiI4IiwiX2F1dGhfdXNlcl9iYWNrZW5kIjoiZGphbmdvLmNvbnRyaWIuYXV0aC5iYWNrZW5kcy5Nb2RlbEJhY2tlbmQiLCJfYXV0aF91c2VyX2hhc2giOiI2NzNiZDg0OTMwNDg1NWJhMDk0NzE5NTVmYzRjOGQ4YTU0MzMyODE1In0=", "expire_date": "2020-02-08T22:38:18.251Z"}}, {"model": "sessions.session", "pk": "o9rywwrzsezdrqamws0r4xmt7q9uwwp5", "fields": {"session_data": "N2MzNzYxMzAwZWI4NTMyMWIxNGU5NDljNzViNDdiZmI0MTNiNjc0Nzp7Il9hdXRoX3VzZXJfaWQiOiIxIiwiX2F1dGhfdXNlcl9iYWNrZW5kIjoiZGphbmdvLmNvbnRyaWIuYXV0aC5iYWNrZW5kcy5Nb2RlbEJhY2tlbmQiLCJfYXV0aF91c2VyX2hhc2giOiIxMTViYTJmOWNlNjI3OWZiZDcwNjBiMzVmZmY4MWMyODQ0YjYyNDIyIn0=", "expire_date": "2020-02-27T22:02:03.591Z"}}, {"model": "sessions.session", "pk": "oknhgolbs2t1atynvqdaq2lzdrw6q10f", "fields": {"session_data": "ZGEyYzJiYmJiNmVhYzMxYmZmODJmMzQ5ZDRjZjUyMjA3MjcwNDMxNjp7Il9hdXRoX3VzZXJfaWQiOiI2IiwiX2F1dGhfdXNlcl9iYWNrZW5kIjoiZGphbmdvLmNvbnRyaWIuYXV0aC5iYWNrZW5kcy5Nb2RlbEJhY2tlbmQiLCJfYXV0aF91c2VyX2hhc2giOiI2NWRjNjhhMWNiN2Y2NWE1Y2JiNmYzYjE4NTQwNTk1YTM4YTU3OTY0In0=", "expire_date": "2020-02-07T03:31:59.621Z"}}, {"model": "sessions.session", "pk": "pkfgpzsqkv1w4slbg2rlz0tz66guweor", "fields": {"session_data": "ZGEyYzJiYmJiNmVhYzMxYmZmODJmMzQ5ZDRjZjUyMjA3MjcwNDMxNjp7Il9hdXRoX3VzZXJfaWQiOiI2IiwiX2F1dGhfdXNlcl9iYWNrZW5kIjoiZGphbmdvLmNvbnRyaWIuYXV0aC5iYWNrZW5kcy5Nb2RlbEJhY2tlbmQiLCJfYXV0aF91c2VyX2hhc2giOiI2NWRjNjhhMWNiN2Y2NWE1Y2JiNmYzYjE4NTQwNTk1YTM4YTU3OTY0In0=", "expire_date": "2020-03-06T15:10:46.679Z"}}, {"model": "sessions.session", "pk": "qru4hermu8cgf5gshiyylk8g4m1w9orq", "fields": {"session_data": "ODJiNzUzN2EwYjM4ZmNlNmY2MGVhZTgxMDJiM2QxYzYwODk5OTIxZTp7Il9hdXRoX3VzZXJfaWQiOiIxMiIsIl9hdXRoX3VzZXJfYmFja2VuZCI6ImRqYW5nby5jb250cmliLmF1dGguYmFja2VuZHMuTW9kZWxCYWNrZW5kIiwiX2F1dGhfdXNlcl9oYXNoIjoiZTEzNDkxODhlM2QwZjFkYjFhZmIyNmZhZDNmMWYyZTU5YmQ1NjI5OCJ9", "expire_date": "2020-03-08T22:35:53.303Z"}}, {"model": "sessions.session", "pk": "reky4khb4vywv1v7l9671ypubsft05ro", "fields": {"session_data": "YzIyM2FlZGVhYTlmZWEwNTc1YjZhODYyODJkOWEwYjBmZTQ0MTljMjp7Il9hdXRoX3VzZXJfaWQiOiI0IiwiX2F1dGhfdXNlcl9iYWNrZW5kIjoiZGphbmdvLmNvbnRyaWIuYXV0aC5iYWNrZW5kcy5Nb2RlbEJhY2tlbmQiLCJfYXV0aF91c2VyX2hhc2giOiI3ZmE4NWFjMDlmMzkwMDE1ZjRlM2FiODAxMGEyMjg0YTBmZThhOTExIn0=", "expire_date": "2020-02-10T17:56:08.312Z"}}, {"model": "sessions.session", "pk": "ty7lvsamss05ib946ve286staqak9pqi", "fields": {"session_data": "MjdmOTYyMDFjMDdkYjZhYmVkMTQ3ZDJmMTI1YWQzNmU0MzUyYTY1NDp7Il9hdXRoX3VzZXJfaWQiOiI1IiwiX2F1dGhfdXNlcl9iYWNrZW5kIjoiZGphbmdvLmNvbnRyaWIuYXV0aC5iYWNrZW5kcy5Nb2RlbEJhY2tlbmQiLCJfYXV0aF91c2VyX2hhc2giOiIwZWUzOGExNmU4YWNmZjM3NjIxYWUzOWVjNzk0ZDg5ZGE2MGJjNDgwIn0=", "expire_date": "2019-12-23T04:45:47.962Z"}}, {"model": "sessions.session", "pk": "uhdu3eun871d6dmhmdhspdge7y0hvkhb", "fields": {"session_data": "YzIyM2FlZGVhYTlmZWEwNTc1YjZhODYyODJkOWEwYjBmZTQ0MTljMjp7Il9hdXRoX3VzZXJfaWQiOiI0IiwiX2F1dGhfdXNlcl9iYWNrZW5kIjoiZGphbmdvLmNvbnRyaWIuYXV0aC5iYWNrZW5kcy5Nb2RlbEJhY2tlbmQiLCJfYXV0aF91c2VyX2hhc2giOiI3ZmE4NWFjMDlmMzkwMDE1ZjRlM2FiODAxMGEyMjg0YTBmZThhOTExIn0=", "expire_date": "2020-02-10T02:02:57.424Z"}}, {"model": "sessions.session", "pk": "x1iyrj2xwdb695rx1llbhh5187rt23tt", "fields": {"session_data": "ZGEyYzJiYmJiNmVhYzMxYmZmODJmMzQ5ZDRjZjUyMjA3MjcwNDMxNjp7Il9hdXRoX3VzZXJfaWQiOiI2IiwiX2F1dGhfdXNlcl9iYWNrZW5kIjoiZGphbmdvLmNvbnRyaWIuYXV0aC5iYWNrZW5kcy5Nb2RlbEJhY2tlbmQiLCJfYXV0aF91c2VyX2hhc2giOiI2NWRjNjhhMWNiN2Y2NWE1Y2JiNmYzYjE4NTQwNTk1YTM4YTU3OTY0In0=", "expire_date": "2019-12-20T21:13:18.541Z"}}, {"model": "sessions.session", "pk": "xc98xeofvkg6pwtis4clb8hhjmkrh9df", "fields": {"session_data": "YzIyM2FlZGVhYTlmZWEwNTc1YjZhODYyODJkOWEwYjBmZTQ0MTljMjp7Il9hdXRoX3VzZXJfaWQiOiI0IiwiX2F1dGhfdXNlcl9iYWNrZW5kIjoiZGphbmdvLmNvbnRyaWIuYXV0aC5iYWNrZW5kcy5Nb2RlbEJhY2tlbmQiLCJfYXV0aF91c2VyX2hhc2giOiI3ZmE4NWFjMDlmMzkwMDE1ZjRlM2FiODAxMGEyMjg0YTBmZThhOTExIn0=", "expire_date": "2020-02-26T21:04:33.069Z"}}, {"model": "sessions.session", "pk": "yt3z7luo2524e52z0va2d102m4mq4k4v", "fields": {"session_data": "ZGEyYzJiYmJiNmVhYzMxYmZmODJmMzQ5ZDRjZjUyMjA3MjcwNDMxNjp7Il9hdXRoX3VzZXJfaWQiOiI2IiwiX2F1dGhfdXNlcl9iYWNrZW5kIjoiZGphbmdvLmNvbnRyaWIuYXV0aC5iYWNrZW5kcy5Nb2RlbEJhY2tlbmQiLCJfYXV0aF91c2VyX2hhc2giOiI2NWRjNjhhMWNiN2Y2NWE1Y2JiNmYzYjE4NTQwNTk1YTM4YTU3OTY0In0=", "expire_date": "2020-02-19T17:56:09.790Z"}}, {"model": "sessions.session", "pk": "yw6ut3kx9bhtse6t8rqn9dcasle7r93m", "fields": {"session_data": "YzIyM2FlZGVhYTlmZWEwNTc1YjZhODYyODJkOWEwYjBmZTQ0MTljMjp7Il9hdXRoX3VzZXJfaWQiOiI0IiwiX2F1dGhfdXNlcl9iYWNrZW5kIjoiZGphbmdvLmNvbnRyaWIuYXV0aC5iYWNrZW5kcy5Nb2RlbEJhY2tlbmQiLCJfYXV0aF91c2VyX2hhc2giOiI3ZmE4NWFjMDlmMzkwMDE1ZjRlM2FiODAxMGEyMjg0YTBmZThhOTExIn0=", "expire_date": "2020-02-10T02:04:20.538Z"}}, {"model": "sessions.session", "pk": "zqtspr3klt4xtamxami36te2v7jzhmnf", "fields": {"session_data": "N2MzNzYxMzAwZWI4NTMyMWIxNGU5NDljNzViNDdiZmI0MTNiNjc0Nzp7Il9hdXRoX3VzZXJfaWQiOiIxIiwiX2F1dGhfdXNlcl9iYWNrZW5kIjoiZGphbmdvLmNvbnRyaWIuYXV0aC5iYWNrZW5kcy5Nb2RlbEJhY2tlbmQiLCJfYXV0aF91c2VyX2hhc2giOiIxMTViYTJmOWNlNjI3OWZiZDcwNjBiMzVmZmY4MWMyODQ0YjYyNDIyIn0=", "expire_date": "2019-12-21T04:08:00.480Z"}}, {"model": "sessions.session", "pk": "zyso2oz7539fbofyhgcls0rlmzfdiq8s", "fields": {"session_data": "ZGEyYzJiYmJiNmVhYzMxYmZmODJmMzQ5ZDRjZjUyMjA3MjcwNDMxNjp7Il9hdXRoX3VzZXJfaWQiOiI2IiwiX2F1dGhfdXNlcl9iYWNrZW5kIjoiZGphbmdvLmNvbnRyaWIuYXV0aC5iYWNrZW5kcy5Nb2RlbEJhY2tlbmQiLCJfYXV0aF91c2VyX2hhc2giOiI2NWRjNjhhMWNiN2Y2NWE1Y2JiNmYzYjE4NTQwNTk1YTM4YTU3OTY0In0=", "expire_date": "2020-02-10T17:56:27.414Z"}}, {"model": "homeeats_app.cuisine", "pk": 1, "fields": {"name": "Italian", "flag": "flags/Flag-Italy.jpg", "cooks": [3]}}, {"model": "homeeats_app.cuisine", "pk": 2, "fields": {"name": "American", "flag": "flags/american_M6DPPzH.png", "cooks": [3]}}, {"model": "homeeats_app.cuisine", "pk": 3, "fields": {"name": "Indian", "flag": "flags/india.png", "cooks": [2, 3]}}, {"model": "homeeats_app.cuisine", "pk": 4, "fields": {"name": "Mexican", "flag": "flags/mexican_lX99rr5.png", "cooks": [2]}}, {"model": "homeeats_app.cuisine", "pk": 5, "fields": {"name": "Thai", "flag": "flags/Flag_of_Thailand.png", "cooks": []}}, {"model": "homeeats_app.cuisine", "pk": 6, "fields": {"name": "Mediterranean", "flag": "flags/Flag_of_the_Mediterranean.png", "cooks": []}}, {"model": "homeeats_app.cuisine", "pk": 7, "fields": {"name": "Chinese", "flag": "flags/Flag_of_China.png", "cooks": []}}, {"model": "homeeats_app.cuisine", "pk": 8, "fields": {"name": "Other", "flag": "flags/world-map.gif", "cooks": []}}, {"model": "homeeats_app.dish", "pk": 1, "fields": {"title": "Butter Chicken", "cook_disabled": false, "cuisine": 3, "description": "Chicken in a rich, creamy, butter sauce with authentic indian spices", "ingredients": "[\"chicken\", \"butter\", \"tomato puree\", \"masala\"]", "dish_image": "dishes/butterchicken_lebnZpU.jpg", "cook_time": 20, "price": "12.00", "cook": 3, "rating": 0, "vegan": false, "allergies": "None"}}, {"model": "homeeats_app.dish", "pk": 2, "fields": {"title": "Chole Bhature", "cook_disabled": false, "cuisine": 3, "description": "Chickpeas cooked with authentic indian spices with a side of bread", "ingredients": "[\"chickpeas\", \"sauce\"]", "dish_image": "dishes/chole.jpg", "cook_time": 12, "price": "8.00", "cook": 3, "rating": 0, "vegan": false, "allergies": "None"}}, {"model": "homeeats_app.dish", "pk": 3, "fields": {"title": "Chicken Marsala", "cook_disabled": false, "cuisine": 1, "description": "A spicy italian chicken with italian seasoning", "ingredients": "[\"chicken\", \"peppers\", \"italian seasoning\"]", "dish_image": "dishes/marsala.jpg", "cook_time": 35, "price": "20.00", "cook": 3, "rating": 0, "vegan": false, "allergies": ""}}, {"model": "homeeats_app.dish", "pk": 4, "fields": {"title": "Chicken Alfredo", "cook_disabled": false, "cuisine": 1, "description": "A rich, creamy alfredo suace with penne pasta", "ingredients": "[\"penne\", \"alfredo sauce\"]", "dish_image": "dishes/alfredo.jpg", "cook_time": 15, "price": "15.00", "cook": 3, "rating": 0, "vegan": false, "allergies": "None"}}, {"model": "homeeats_app.dish", "pk": 5, "fields": {"title": "Cheeseburger", "cook_disabled": false, "cuisine": 2, "description": "a burger with a beef patty and cheese", "ingredients": "[\"cheese\", \"bread\", \"beef patty\", \"lettuce\", \"tomato\"]", "dish_image": "dishes/cheeseburger.jpg", "cook_time": 10, "price": "9.00", "cook": 3, "rating": 0, "vegan": false, "allergies": "None"}}, {"model": "homeeats_app.dish", "pk": 6, "fields": {"title": "Chicken Chimichanga", "cook_disabled": false, "cuisine": 4, "description": "Fried burrito with mexican spices and a side of black beans and rice", "ingredients": "[\"sour cream\", \"tortilla\", \"cheese\", \"chicken\", \"beans\", \"rice\"]", "dish_image": "dishes/chimichanga.jpg", "cook_time": 15, "price": "4.00", "cook": 2, "rating": 3, "vegan": false, "allergies": "None"}}, {"model": "homeeats_app.dish", "pk": 7, "fields": {"title": "3 Tacos", "cook_disabled": false, "cuisine": 4, "description": "Tacos are a mexican delicacy", "ingredients": "[\"beef\", \"rice\", \"corn tortilla\", \"taco sauce\"]", "dish_image": "dishes/tacos.jpg", "cook_time": 10, "price": "9.00", "cook": 2, "rating": 5, "vegan": false, "allergies": "None"}}, {"model": "homeeats_app.dish", "pk": 8, "fields": {"title": "Chaat", "cook_disabled": false, "cuisine": 3, "description": "Small plate of sweet sauce and crunch indian snacks mixed toegether with yogurt", "ingredients": "[\"sweet sauce\", \"fried things\"]", "dish_image": "dishes/chaat.jpeg", "cook_time": 5, "price": "6.00", "cook": 2, "rating": 0, "vegan": false, "allergies": "None"}}, {"model": "homeeats_app.dish_review", "pk": 1, "fields": {"dish_rating": 5, "description": "These tacos are delicious! Very cheap for the amount of food and the delivery was extremely quick. I would definitely recommend.", "report_flag": false, "report_reason": "o", "customer": 2, "dish": 7, "date": "2019-12-06T20:48:22.266Z"}}, {"model": "homeeats_app.dish_review", "pk": 3, "fields": {"dish_rating": 3, "description": "Decent chimichanga but nothing special. The tortilla was a little soggy when I arrived but the flavors were good.", "report_flag": false, "report_reason": "", "customer": 2, "dish": 6, "date": "2019-12-06T20:55:25.247Z"}}, {"model": "homeeats_app.dish_review", "pk": 4, "fields": {"dish_rating": 5, "description": "The best tacos I've ever had! Will definitely order again.", "report_flag": false, "report_reason": "", "customer": 3, "dish": 7, "date": "2019-12-06T21:02:27.646Z"}}, {"model": "homeeats_app.address", "pk": 1, "fields": {"street_name": "20 Palace Lane", "city": "Stafford", "state": "VA", "zipcode": "22554", "cook": null, "customer": 1, "is_cook_address": false, "current_customer_address": true}}, {"model": "homeeats_app.address", "pk": 2, "fields": {"street_name": "1513 Virginia Avenue", "city": "Charlottesville", "state": "VA", "zipcode": "22904", "cook": null, "customer": 1, "is_cook_address": false, "current_customer_address": false}}, {"model": "homeeats_app.address", "pk": 4, "fields": {"street_name": "1212 Wertland Street", "city": "Charlottesville", "state": "VA", "zipcode": "22903", "cook": null, "customer": 2, "is_cook_address": false, "current_customer_address": true}}, {"model": "homeeats_app.address", "pk": 5, "fields": {"street_name": "1815 Jefferson Park Ave", "city": "Charlottesville", "state": "Virginia", "zipcode": "22903", "cook": 2, "customer": null, "is_cook_address": true, "current_customer_address": false}}, {"model": "homeeats_app.address", "pk": 6, "fields": {"street_name": "2210 Fontaine Ave", "city": "Charlottesville", "state": "VA", "zipcode": "22903", "cook": 3, "customer": null, "is_cook_address": true, "current_customer_address": false}}, {"model": "homeeats_app.address", "pk": 7, "fields": {"street_name": "300 15th Street NW", "city": "Charlottesville", "state": "VA", "zipcode": "22903", "cook": null, "customer": 3, "is_cook_address": false, "current_customer_address": true}}, {"model": "homeeats_app.address", "pk": 8, "fields": {"street_name": "1 Infinite Loop", "city": "Cupertino", "state": "CA", "zipcode": "95014", "cook": null, "customer": 2, "is_cook_address": false, "current_customer_address": false}}, {"model": "homeeats_app.address", "pk": 9, "fields": {"street_name": "rotunda", "city": "Charlottesville", "state": "VA", "zipcode": "22903", "cook": null, "customer": 4, "is_cook_address": false, "current_customer_address": false}}, {"model": "homeeats_app.address", "pk": 10, "fields": {"street_name": "123 14th St", "city": "Charlottesville", "state": "VA", "zipcode": "22903", "cook": null, "customer": 4, "is_cook_address": false, "current_customer_address": true}}, {"model": "homeeats_app.address", "pk": 11, "fields": {"street_name": "1605 Gordon Avenue, 5", "city": "Charlottesville", "state": "VA", "zipcode": "22903", "cook": null, "customer": 2, "is_cook_address": false, "current_customer_address": false}}, {"model": "homeeats_app.address", "pk": 18, "fields": {"street_name": "1610 Gordon Avenue, 5", "city": "Charlottesville", "state": "VA", "zipcode": "22903", "cook": null, "customer": 2, "is_cook_address": false, "current_customer_address": false}}, {"model": "homeeats_app.address", "pk": 19, "fields": {"street_name": "42229 Sweet Court", "city": "Chantilly", "state": "VA", "zipcode": "20152", "cook": null, "customer": 5, "is_cook_address": false, "current_customer_address": true}}, {"model": "homeeats_app.address", "pk": 21, "fields": {"street_name": "1 University Court", "city": "Charlottesville", "state": "VA", "zipcode": "22903", "cook": 4, "customer": null, "is_cook_address": true, "current_customer_address": false}}, {"model": "homeeats_app.address", "pk": 22, "fields": {"street_name": "1513 Virginia Avenue", "city": "Charlottesville", "state": "VA", "zipcode": "22904", "cook": null, "customer": 7, "is_cook_address": false, "current_customer_address": true}}, {"model": "homeeats_app.rejectreason", "pk": 1, "fields": {"reason": "Out of Supplies"}}, {"model": "homeeats_app.rejectreason", "pk": 2, "fields": {"reason": "Delivery related issue"}}, {"model": "homeeats_app.rejectreason", "pk": 3, "fields": {"reason": "Expired"}}, {"model": "homeeats_app.order", "pk": 1, "fields": {"name": "John Smith", "customer": 2, "cook": 3, "item_subtotal": "24.00", "tax": "1.44", "tip": "2.00", "delivery_fee": "2.00", "total": "29.44", "special_requests": "with ketchup please", "status": "x", "date": "2019-12-06T20:27:52Z", "estimated_arrival_time": "2019-12-06T20:54:52Z", "actual_arrival_time": null, "pending_deadline": "2019-12-06T20:32:52Z", "reject_reason": 1, "street_name": "1212 Wertland Street", "city": "Charlottesville", "state": "VA", "zipcode": "22903", "paid": false, "payment_option": "a", "requested_delivery_time": null}}, {"model": "homeeats_app.order", "pk": 2, "fields": {"name": "John Smith", "customer": 2, "cook": 3, "item_subtotal": "20.00", "tax": "1.20", "tip": "1.00", "delivery_fee": "2.00", "total": "24.20", "special_requests": "extra spicy", "status": "r", "date": "2019-12-06T20:29:47Z", "estimated_arrival_time": "2019-12-06T21:01:47Z", "actual_arrival_time": "2019-12-06T20:31:44Z", "pending_deadline": "2019-12-06T20:34:47Z", "reject_reason": 3, "street_name": "1212 Wertland Street", "city": "Charlottesville", "state": "VA", "zipcode": "22903", "paid": false, "payment_option": "a", "requested_delivery_time": null}}, {"model": "homeeats_app.order", "pk": 3, "fields": {"name": "John Smith", "customer": 2, "cook": 2, "item_subtotal": "15.00", "tax": "0.90", "tip": "5.00", "delivery_fee": "2.00", "total": "22.90", "special_requests": "request", "status": "d", "date": "2019-12-06T20:44:04Z", "estimated_arrival_time": "2019-12-06T21:05:04Z", "actual_arrival_time": "2019-12-06T20:45:25Z", "pending_deadline": "2019-12-06T20:49:04Z", "reject_reason": null, "street_name": "1212 Wertland Street", "city": "Charlottesville", "state": "VA", "zipcode": "22903", "paid": false, "payment_option": "a", "requested_delivery_time": null}}, {"model": "homeeats_app.order", "pk": 4, "fields": {"name": "John Smith", "customer": 2, "cook": 2, "item_subtotal": "6.00", "tax": "0.36", "tip": "1.00", "delivery_fee": "2.00", "total": "9.36", "special_requests": "request", "status": "d", "date": "2019-12-06T20:44:33Z", "estimated_arrival_time": "2019-12-06T21:00:33Z", "actual_arrival_time": "2019-12-06T20:45:26Z", "pending_deadline": "2019-12-06T20:49:33Z", "reject_reason": null, "street_name": "1212 Wertland Street", "city": "Charlottesville", "state": "Virginia", "zipcode": "22903", "paid": false, "payment_option": "a", "requested_delivery_time": null}}, {"model": "homeeats_app.order", "pk": 5, "fields": {"name": "John Smith", "customer": 2, "cook": 2, "item_subtotal": "4.00", "tax": "0.24", "tip": "1.50", "delivery_fee": "2.00", "total": "7.74", "special_requests": "request", "status": "d", "date": "2019-12-06T20:44:49Z", "estimated_arrival_time": "2019-12-06T21:10:49Z", "actual_arrival_time": "2019-12-06T20:45:27Z", "pending_deadline": "2019-12-06T20:49:49Z", "reject_reason": null, "street_name": "1212 Wertland Street", "city": "Charlottesville", "state": "VA", "zipcode": "22903", "paid": false, "payment_option": "a", "requested_delivery_time": null}}, {"model": "homeeats_app.order", "pk": 6, "fields": {"name": "Joe Smith", "customer": 3, "cook": 2, "item_subtotal": "13.00", "tax": "0.78", "tip": "0.00", "delivery_fee": "2.00", "total": "15.78", "special_requests": "request", "status": "d", "date": "2019-12-06T21:00:25Z", "estimated_arrival_time": "2019-12-06T21:27:25Z", "actual_arrival_time": "2019-12-06T21:01:06Z", "pending_deadline": "2019-12-06T21:05:25Z", "reject_reason": null, "street_name": "300 15th Street NW", "city": "Charlottesville", "state": "VA", "zipcode": "22903", "paid": false, "payment_option": "a", "requested_delivery_time": null}}, {"model": "homeeats_app.order", "pk": 7, "fields": {"name": "John Smith", "customer": 2, "cook": 2, "item_subtotal": "15.00", "tax": "0.90", "tip": "8.00", "delivery_fee": "2.00", "total": "25.90", "special_requests": "", "status": "x", "date": "2019-12-09T04:41:24.410Z", "estimated_arrival_time": "2019-12-09T05:02:24.410Z", "actual_arrival_time": null, "pending_deadline": "2019-12-09T04:46:24.410Z", "reject_reason": null, "street_name": "1212 Wertland Street", "city": "Charlottesville", "state": "VA", "zipcode": "22903", "paid": false, "payment_option": "a", "requested_delivery_time": null}}, {"model": "homeeats_app.order", "pk": 8, "fields": {"name": "John Smith", "customer": 2, "cook": 2, "item_subtotal": "13.00", "tax": "0.78", "tip": "3.00", "delivery_fee": "2.00", "total": "18.78", "special_requests": "", "status": "d", "date": "2019-12-09T04:45:32.675Z", "estimated_arrival_time": "2019-12-09T05:11:32.675Z", "actual_arrival_time": "2019-12-09T04:45:52.433Z", "pending_deadline": "2019-12-09T04:50:32.675Z", "reject_reason": null, "street_name": "1212 Wertland Street", "city": "Charlottesville", "state": "VA", "zipcode": "22903", "paid": false, "payment_option": "b", "requested_delivery_time": null}}, {"model": "homeeats_app.order", "pk": 9, "fields": {"name": "John Smith", "customer": 2, "cook": 2, "item_subtotal": "10.00", "tax": "0.60", "tip": "1.89", "delivery_fee": "2.00", "total": "14.49", "special_requests": "hello", "status": "d", "date": "2020-01-24T02:52:53.491Z", "estimated_arrival_time": "2020-01-24T03:18:53.491Z", "actual_arrival_time": "2020-01-24T02:55:50.028Z", "pending_deadline": "2020-01-24T02:57:53.596Z", "reject_reason": null, "street_name": "1212 Wertland Street", "city": "Charlottesville", "state": "VA", "zipcode": "22903", "paid": false, "payment_option": "a", "requested_delivery_time": null}}, {"model": "homeeats_app.order", "pk": 10, "fields": {"name": "John Smith", "customer": 2, "cook": 3, "item_subtotal": "15.00", "tax": "0.90", "tip": "2.68", "delivery_fee": "2.00", "total": "20.58", "special_requests": "", "status": "r", "date": "2020-01-24T03:11:06.127Z", "estimated_arrival_time": "2020-01-24T03:39:06.127Z", "actual_arrival_time": null, "pending_deadline": "2020-01-24T03:16:06.326Z", "reject_reason": 3, "street_name": "1212 Wertland Street", "city": "Charlottesville", "state": "VA", "zipcode": "22903", "paid": false, "payment_option": "a", "requested_delivery_time": "2020-01-24T05:09:15.192Z"}}, {"model": "homeeats_app.order", "pk": 11, "fields": {"name": "John Smith", "customer": 2, "cook": 3, "item_subtotal": "10.00", "tax": "0.60", "tip": "1.89", "delivery_fee": "2.00", "total": "14.49", "special_requests": "hello", "status": "d", "date": "2020-01-24T03:17:55.586Z", "estimated_arrival_time": "2020-01-24T03:55:55.586Z", "actual_arrival_time": "2020-01-27T02:00:40.249Z", "pending_deadline": "2020-01-24T03:22:55.586Z", "reject_reason": null, "street_name": "1212 Wertland Street", "city": "Charlottesville", "state": "VA", "zipcode": "22903", "paid": false, "payment_option": "a", "requested_delivery_time": "2020-01-24T03:17:53.617Z"}}, {"model": "homeeats_app.order", "pk": 12, "fields": {"name": "John Smith", "customer": 2, "cook": 3, "item_subtotal": "15.00", "tax": "0.90", "tip": "2.68", "delivery_fee": "2.00", "total": "20.58", "special_requests": "", "status": "d", "date": "2020-01-24T03:22:18.612Z", "estimated_arrival_time": "2020-01-24T03:50:18.612Z", "actual_arrival_time": "2020-01-27T02:00:43.784Z", "pending_deadline": "2020-01-24T03:27:18.612Z", "reject_reason": null, "street_name": "1212 Wertland Street", "city": "Charlottesville", "state": "VA", "zipcode": "22903", "paid": false, "payment_option": "a", "requested_delivery_time": "2020-01-24T05:22:16.908Z"}}, {"model": "homeeats_app.order", "pk": 13, "fields": {"name": "John Smith", "customer": 2, "cook": 3, "item_subtotal": "85.00", "tax": "5.10", "tip": "13.81", "delivery_fee": "2.00", "total": "105.91", "special_requests": "", "status": "x", "date": "2020-01-24T03:28:59.435Z", "estimated_arrival_time": null, "actual_arrival_time": null, "pending_deadline": "2020-01-24T03:33:59.435Z", "reject_reason": null, "street_name": "1212 Wertland Street", "city": "Charlottesville", "state": "VA", "zipcode": "22903", "paid": false, "payment_option": "a", "requested_delivery_time": "2020-01-24T04:28:56.877Z"}}, {"model": "homeeats_app.order", "pk": 14, "fields": {"name": "John Smith", "customer": 2, "cook": 3, "item_subtotal": "85.00", "tax": "5.10", "tip": "13.81", "delivery_fee": "2.00", "total": "105.91", "special_requests": "", "status": "x", "date": "2020-01-24T03:29:17.690Z", "estimated_arrival_time": null, "actual_arrival_time": null, "pending_deadline": "2020-01-24T03:34:17.948Z", "reject_reason": null, "street_name": "1212 Wertland Street", "city": "Charlottesville", "state": "VA", "zipcode": "22903", "paid": false, "payment_option": "a", "requested_delivery_time": "2020-01-24T04:28:56.877Z"}}, {"model": "homeeats_app.order", "pk": 15, "fields": {"name": "John Smith", "customer": 2, "cook": 3, "item_subtotal": "95.00", "tax": "5.70", "tip": "15.40", "delivery_fee": "2.00", "total": "118.10", "special_requests": "", "status": "d", "date": "2020-01-24T03:30:33.026Z", "estimated_arrival_time": "2020-01-24T04:08:33.026Z", "actual_arrival_time": "2020-01-27T02:00:42.256Z", "pending_deadline": "2020-01-24T04:52:30.796Z", "reject_reason": null, "street_name": "1212 Wertland Street", "city": "Charlottesville", "state": "VA", "zipcode": "22903", "paid": false, "payment_option": "a", "requested_delivery_time": "2020-01-24T05:30:30.796Z"}}, {"model": "homeeats_app.order", "pk": 16, "fields": {"name": "John Smith", "customer": 2, "cook": 3, "item_subtotal": "10.00", "tax": "0.60", "tip": "1.89", "delivery_fee": "2.00", "total": "14.49", "special_requests": "", "status": "x", "date": "2020-01-24T03:39:04.922Z", "estimated_arrival_time": "2020-01-24T04:17:04.922Z", "actual_arrival_time": null, "pending_deadline": "2020-01-24T06:01:01.478Z", "reject_reason": null, "street_name": "1212 Wertland Street", "city": "Charlottesville", "state": "VA", "zipcode": "22903", "paid": false, "payment_option": "a", "requested_delivery_time": "2020-01-24T06:39:01.478Z"}}, {"model": "homeeats_app.order", "pk": 17, "fields": {"name": "John Smith", "customer": 2, "cook": 3, "item_subtotal": "10.00", "tax": "0.60", "tip": "1.89", "delivery_fee": "2.00", "total": "14.49", "special_requests": "", "status": "x", "date": "2020-01-24T03:46:35.857Z", "estimated_arrival_time": "2020-01-24T04:24:35.857Z", "actual_arrival_time": null, "pending_deadline": "2020-01-24T03:51:36.443Z", "reject_reason": null, "street_name": "1212 Wertland Street", "city": "Charlottesville", "state": "VA", "zipcode": "22903", "paid": false, "payment_option": "a", "requested_delivery_time": "2020-01-24T04:16:29.605Z"}}, {"model": "homeeats_app.order", "pk": 18, "fields": {"name": "John Smith", "customer": 2, "cook": 2, "item_subtotal": "9.00", "tax": "0.54", "tip": "1.73", "delivery_fee": "2.00", "total": "13.27", "special_requests": "", "status": "d", "date": "2020-01-26T22:54:44.736Z", "estimated_arrival_time": "2020-01-26T23:15:44.736Z", "actual_arrival_time": "2020-01-27T16:54:33.711Z", "pending_deadline": "2020-01-27T00:33:38.759Z", "reject_reason": null, "street_name": "1212 Wertland Street", "city": "Charlottesville", "state": "VA", "zipcode": "22903", "paid": false, "payment_option": "a", "requested_delivery_time": "2020-01-27T00:54:38.759Z"}}, {"model": "homeeats_app.order", "pk": 19, "fields": {"name": "John Smith", "customer": 2, "cook": 2, "item_subtotal": "9.00", "tax": "0.54", "tip": "1.73", "delivery_fee": "2.00", "total": "13.27", "special_requests": "", "status": "r", "date": "2020-01-26T22:55:14.110Z", "estimated_arrival_time": "2020-01-26T23:16:14.110Z", "actual_arrival_time": null, "pending_deadline": "2020-01-26T23:34:09.961Z", "reject_reason": 3, "street_name": "1212 Wertland Street", "city": "Charlottesville", "state": "VA", "zipcode": "22903", "paid": false, "payment_option": "a", "requested_delivery_time": "2020-01-26T23:55:09.961Z"}}, {"model": "homeeats_app.order", "pk": 20, "fields": {"name": "John Smith", "customer": 2, "cook": 3, "item_subtotal": "15.00", "tax": "0.90", "tip": "2.68", "delivery_fee": "2.00", "total": "20.58", "special_requests": "", "status": "d", "date": "2020-01-27T02:04:45.359Z", "estimated_arrival_time": "2020-01-27T02:33:45.359Z", "actual_arrival_time": "2020-01-27T02:05:27.816Z", "pending_deadline": "2020-01-27T02:09:45.748Z", "reject_reason": null, "street_name": "1610 Gordon Avenue, 5", "city": "Charlottesville", "state": "VA", "zipcode": "22903", "paid": false, "payment_option": "a", "requested_delivery_time": "2020-01-27T02:04:42.491Z"}}, {"model": "homeeats_app.order", "pk": 21, "fields": {"name": "John Smith", "customer": 2, "cook": 3, "item_subtotal": "15.00", "tax": "0.90", "tip": "2.68", "delivery_fee": "2.00", "total": "20.58", "special_requests": "", "status": "d", "date": "2020-01-27T02:20:34.493Z", "estimated_arrival_time": "2020-01-27T02:49:34.493Z", "actual_arrival_time": "2020-01-27T02:58:35.997Z", "pending_deadline": "2020-01-27T02:25:35.154Z", "reject_reason": null, "street_name": "1610 Gordon Avenue, 5", "city": "Charlottesville", "state": "VA", "zipcode": "22903", "paid": false, "payment_option": "a", "requested_delivery_time": "2020-01-27T02:19:46.836Z"}}, {"model": "homeeats_app.order", "pk": 22, "fields": {"name": "John Smith", "customer": 2, "cook": 3, "item_subtotal": "15.00", "tax": "0.90", "tip": "2.68", "delivery_fee": "2.00", "total": "20.58", "special_requests": "", "status": "d", "date": "2020-01-27T02:59:20.929Z", "estimated_arrival_time": "2020-01-27T03:28:20.929Z", "actual_arrival_time": "2020-01-27T03:07:25.203Z", "pending_deadline": "2020-01-27T03:04:21.494Z", "reject_reason": null, "street_name": "1610 Gordon Avenue, 5", "city": "Charlottesville", "state": "VA", "zipcode": "22903", "paid": false, "payment_option": "a", "requested_delivery_time": "2020-01-27T02:59:16.199Z"}}, {"model": "homeeats_app.order", "pk": 23, "fields": {"name": "John Smith", "customer": 2, "cook": 3, "item_subtotal": "15.00", "tax": "0.90", "tip": "2.68", "delivery_fee": "2.00", "total": "20.58", "special_requests": "", "status": "d", "date": "2020-01-27T03:07:56.699Z", "estimated_arrival_time": "2020-01-27T03:36:56.699Z", "actual_arrival_time": "2020-01-27T03:10:44.348Z", "pending_deadline": "2020-01-27T03:13:00.117Z", "reject_reason": null, "street_name": "1610 Gordon Avenue, 5", "city": "Charlottesville", "state": "VA", "zipcode": "22903", "paid": false, "payment_option": "a", "requested_delivery_time": "2020-01-27T03:07:51.667Z"}}, {"model": "homeeats_app.order", "pk": 24, "fields": {"name": "John Smith", "customer": 2, "cook": 3, "item_subtotal": "15.00", "tax": "0.90", "tip": "2.68", "delivery_fee": "2.00", "total": "20.58", "special_requests": "", "status": "x", "date": "2020-01-27T03:20:03.074Z", "estimated_arrival_time": "2020-01-27T03:49:03.074Z", "actual_arrival_time": null, "pending_deadline": "2020-01-27T03:25:03.357Z", "reject_reason": null, "street_name": "1610 Gordon Avenue, 5", "city": "Charlottesville", "state": "VA", "zipcode": "22903", "paid": false, "payment_option": "a", "requested_delivery_time": "2020-01-27T03:19:58.844Z"}}, {"model": "homeeats_app.order", "pk": 25, "fields": {"name": "John Smith", "customer": 2, "cook": 3, "item_subtotal": "15.00", "tax": "0.90", "tip": "2.68", "delivery_fee": "2.00", "total": "20.58", "special_requests": "", "status": "d", "date": "2020-01-27T03:26:03.484Z", "estimated_arrival_time": "2020-01-27T03:55:03.484Z", "actual_arrival_time": "2020-01-27T03:27:12.008Z", "pending_deadline": "2020-01-27T03:31:03.804Z", "reject_reason": null, "street_name": "1610 Gordon Avenue, 5", "city": "Charlottesville", "state": "VA", "zipcode": "22903", "paid": false, "payment_option": "a", "requested_delivery_time": "2020-01-27T03:26:01.651Z"}}, {"model": "homeeats_app.order", "pk": 26, "fields": {"name": "John Smith", "customer": 2, "cook": 3, "item_subtotal": "15.00", "tax": "0.90", "tip": "2.68", "delivery_fee": "2.00", "total": "20.58", "special_requests": "", "status": "d", "date": "2020-01-27T03:28:05.995Z", "estimated_arrival_time": "2020-01-27T03:57:05.995Z", "actual_arrival_time": "2020-01-27T17:55:57.021Z", "pending_deadline": "2020-01-27T03:33:06.598Z", "reject_reason": null, "street_name": "1610 Gordon Avenue, 5", "city": "Charlottesville", "state": "VA", "zipcode": "22903", "paid": false, "payment_option": "a", "requested_delivery_time": "2020-01-27T03:28:04.081Z"}}, {"model": "homeeats_app.order", "pk": 27, "fields": {"name": "John Smith", "customer": 2, "cook": 3, "item_subtotal": "25.00", "tax": "1.50", "tip": "4.27", "delivery_fee": "2.00", "total": "32.77", "special_requests": "", "status": "d", "date": "2020-01-27T17:19:56.220Z", "estimated_arrival_time": "2020-01-27T17:58:56.220Z", "actual_arrival_time": "2020-01-27T17:55:57.799Z", "pending_deadline": "2020-01-27T18:40:53.754Z", "reject_reason": null, "street_name": "1610 Gordon Avenue, 5", "city": "Charlottesville", "state": "VA", "zipcode": "22903", "paid": false, "payment_option": "a", "requested_delivery_time": "2020-01-27T19:19:53.754Z"}}, {"model": "homeeats_app.order", "pk": 28, "fields": {"name": "John Smith", "customer": 2, "cook": 3, "item_subtotal": "15.00", "tax": "0.90", "tip": "2.68", "delivery_fee": "2.00", "total": "20.58", "special_requests": "", "status": "r", "date": "2020-01-27T17:57:02.940Z", "estimated_arrival_time": "2020-01-27T18:26:02.940Z", "actual_arrival_time": null, "pending_deadline": "2020-01-27T18:02:03.727Z", "reject_reason": 3, "street_name": "1610 Gordon Avenue, 5", "city": "Charlottesville", "state": "VA", "zipcode": "22903", "paid": false, "payment_option": "a", "requested_delivery_time": "2020-01-27T17:56:59.047Z"}}, {"model": "homeeats_app.order", "pk": 29, "fields": {"name": "John Smith", "customer": 2, "cook": 3, "item_subtotal": "15.00", "tax": "0.90", "tip": "2.68", "delivery_fee": "2.00", "total": "20.58", "special_requests": "", "status": "d", "date": "2020-01-30T18:05:35.883Z", "estimated_arrival_time": "2020-01-30T18:33:35.883Z", "actual_arrival_time": "2020-01-30T18:07:35.814Z", "pending_deadline": "2020-01-30T18:10:36.124Z", "reject_reason": null, "street_name": "1605 Gordon Avenue, 5", "city": "Charlottesville", "state": "VA", "zipcode": "22903", "paid": false, "payment_option": "a", "requested_delivery_time": "2020-01-30T18:05:33.799Z"}}, {"model": "homeeats_app.order", "pk": 30, "fields": {"name": "John Smith", "customer": 2, "cook": 3, "item_subtotal": "27.00", "tax": "1.62", "tip": "6.12", "delivery_fee": "2.00", "total": "36.74", "special_requests": "use less oil ", "status": "c", "date": "2020-02-12T18:32:53.474Z", "estimated_arrival_time": "2020-02-12T19:06:53.474Z", "actual_arrival_time": null, "pending_deadline": "2020-02-12T18:37:53.750Z", "reject_reason": null, "street_name": "1610 Gordon Avenue, 5", "city": "Charlottesville", "state": "VA", "zipcode": "22903", "paid": false, "payment_option": "a", "requested_delivery_time": "2020-02-12T18:32:46.587Z"}}, {"model": "homeeats_app.item", "pk": 1, "fields": {"dish": 4, "quantity": 1, "subtotal": "15.00", "order": 1, "review": null}}, {"model": "homeeats_app.item", "pk": 2, "fields": {"dish": 5, "quantity": 1, "subtotal": "9.00", "order": 1, "review": null}}, {"model": "homeeats_app.item", "pk": 3, "fields": {"dish": 2, "quantity": 1, "subtotal": "8.00", "order": 2, "review": null}}, {"model": "homeeats_app.item", "pk": 4, "fields": {"dish": 1, "quantity": 1, "subtotal": "12.00", "order": 2, "review": null}}, {"model": "homeeats_app.item", "pk": 6, "fields": {"dish": 7, "quantity": 1, "subtotal": "9.00", "order": 3, "review": 1}}, {"model": "homeeats_app.item", "pk": 7, "fields": {"dish": 8, "quantity": 1, "subtotal": "6.00", "order": 4, "review": null}}, {"model": "homeeats_app.item", "pk": 8, "fields": {"dish": 6, "quantity": 1, "subtotal": "4.00", "order": 5, "review": 3}}, {"model": "homeeats_app.item", "pk": 9, "fields": {"dish": 6, "quantity": 1, "subtotal": "4.00", "order": 6, "review": null}}, {"model": "homeeats_app.item", "pk": 10, "fields": {"dish": 7, "quantity": 1, "subtotal": "9.00", "order": 6, "review": 4}}, {"model": "homeeats_app.item", "pk": 11, "fields": {"dish": 8, "quantity": 1, "subtotal": "6.00", "order": 7, "review": null}}, {"model": "homeeats_app.item", "pk": 12, "fields": {"dish": 7, "quantity": 1, "subtotal": "9.00", "order": 7, "review": null}}, {"model": "homeeats_app.item", "pk": 13, "fields": {"dish": 6, "quantity": 1, "subtotal": "4.00", "order": 8, "review": null}}, {"model": "homeeats_app.item", "pk": 14, "fields": {"dish": 7, "quantity": 1, "subtotal": "9.00", "order": 8, "review": null}}, {"model": "homeeats_app.item", "pk": 15, "fields": {"dish": 6, "quantity": 1, "subtotal": "4.00", "order": 9, "review": null}}, {"model": "homeeats_app.item", "pk": 16, "fields": {"dish": 8, "quantity": 1, "subtotal": "6.00", "order": 9, "review": null}}, {"model": "homeeats_app.item", "pk": 17, "fields": {"dish": 4, "quantity": 1, "subtotal": "15.00", "order": 10, "review": null}}, {"model": "homeeats_app.item", "pk": 18, "fields": {"dish": 3, "quantity": 1, "subtotal": "10.00", "order": 11, "review": null}}, {"model": "homeeats_app.item", "pk": 19, "fields": {"dish": 4, "quantity": 1, "subtotal": "15.00", "order": 12, "review": null}}, {"model": "homeeats_app.item", "pk": 20, "fields": {"dish": 4, "quantity": 3, "subtotal": "45.00", "order": 13, "review": null}}, {"model": "homeeats_app.item", "pk": 21, "fields": {"dish": 3, "quantity": 4, "subtotal": "40.00", "order": 13, "review": null}}, {"model": "homeeats_app.item", "pk": 22, "fields": {"dish": 3, "quantity": 1, "subtotal": "10.00", "order": 15, "review": null}}, {"model": "homeeats_app.item", "pk": 23, "fields": {"dish": 3, "quantity": 1, "subtotal": "10.00", "order": 16, "review": null}}, {"model": "homeeats_app.item", "pk": 24, "fields": {"dish": 3, "quantity": 1, "subtotal": "10.00", "order": 17, "review": null}}, {"model": "homeeats_app.item", "pk": 25, "fields": {"dish": 7, "quantity": 1, "subtotal": "9.00", "order": 18, "review": null}}, {"model": "homeeats_app.item", "pk": 26, "fields": {"dish": 7, "quantity": 1, "subtotal": "9.00", "order": 19, "review": null}}, {"model": "homeeats_app.item", "pk": 27, "fields": {"dish": 4, "quantity": 1, "subtotal": "15.00", "order": 20, "review": null}}, {"model": "homeeats_app.item", "pk": 28, "fields": {"dish": 4, "quantity": 1, "subtotal": "15.00", "order": 21, "review": null}}, {"model": "homeeats_app.item", "pk": 29, "fields": {"dish": 4, "quantity": 1, "subtotal": "15.00", "order": 22, "review": null}}, {"model": "homeeats_app.item", "pk": 30, "fields": {"dish": 4, "quantity": 1, "subtotal": "15.00", "order": 23, "review": null}}, {"model": "homeeats_app.item", "pk": 31, "fields": {"dish": 4, "quantity": 1, "subtotal": "15.00", "order": 24, "review": null}}, {"model": "homeeats_app.item", "pk": 32, "fields": {"dish": 4, "quantity": 1, "subtotal": "15.00", "order": 25, "review": null}}, {"model": "homeeats_app.item", "pk": 33, "fields": {"dish": 4, "quantity": 1, "subtotal": "15.00", "order": 26, "review": null}}, {"model": "homeeats_app.item", "pk": 34, "fields": {"dish": 3, "quantity": 1, "subtotal": "10.00", "order": 27, "review": null}}, {"model": "homeeats_app.item", "pk": 35, "fields": {"dish": 4, "quantity": 1, "subtotal": "15.00", "order": 27, "review": null}}, {"model": "homeeats_app.item", "pk": 36, "fields": {"dish": 4, "quantity": 1, "subtotal": "15.00", "order": 28, "review": null}}, {"model": "homeeats_app.item", "pk": 37, "fields": {"dish": 4, "quantity": 1, "subtotal": "15.00", "order": 29, "review": null}}, {"model": "homeeats_app.item", "pk": 38, "fields": {"dish": 4, "quantity": 1, "subtotal": "15.00", "order": 30, "review": null}}, {"model": "homeeats_app.item", "pk": 39, "fields": {"dish": 1, "quantity": 1, "subtotal": "12.00", "order": 30, "review": null}}, {"model": "homeeats_app.shoppingcart", "pk": 1, "fields": {"customer": 1, "cook": null, "item_subtotal": "0.00", "tax": "0.00", "tip": "0.00", "total_before_tip": "0.00", "total_after_tip": "0.00", "empty": true, "special_requests": "", "paid": false, "payment_option": "a", "requested_delivery_time": null}}, {"model": "homeeats_app.shoppingcart", "pk": 2, "fields": {"customer": 2, "cook": null, "item_subtotal": "0.00", "tax": "0.00", "tip": "0.00", "total_before_tip": "0.00", "total_after_tip": "0.00", "empty": true, "special_requests": "", "paid": false, "payment_option": "a", "requested_delivery_time": "2020-02-12T18:32:46.587Z"}}, {"model": "homeeats_app.shoppingcart", "pk": 3, "fields": {"customer": 3, "cook": null, "item_subtotal": "0.00", "tax": "0.00", "tip": "0.00", "total_before_tip": "0.00", "total_after_tip": "0.00", "empty": true, "special_requests": "", "paid": false, "payment_option": "a", "requested_delivery_time": null}}, {"model": "homeeats_app.shoppingcart", "pk": 4, "fields": {"customer": 4, "cook": null, "item_subtotal": "0.00", "tax": "0.00", "tip": "0.00", "total_before_tip": "0.00", "total_after_tip": "0.00", "empty": true, "special_requests": "", "paid": false, "payment_option": "a", "requested_delivery_time": null}}, {"model": "homeeats_app.shoppingcart", "pk": 5, "fields": {"customer": 5, "cook": null, "item_subtotal": "0.00", "tax": "0.00", "tip": "0.00", "total_before_tip": "0.00", "total_after_tip": "0.00", "empty": true, "special_requests": "", "paid": false, "payment_option": "a", "requested_delivery_time": null}}, {"model": "homeeats_app.shoppingcart", "pk": 7, "fields": {"customer": 7, "cook": null, "item_subtotal": "0.00", "tax": "0.00", "tip": "0.00", "total_before_tip": "0.00", "total_after_tip": "0.00", "empty": true, "special_requests": "", "paid": false, "payment_option": "a", "requested_delivery_time": null}}, {"model": "auth.permission", "pk": 1, "fields": {"name": "Can add log entry", "content_type": 1, "codename": "add_logentry"}}, {"model": "auth.permission", "pk": 2, "fields": {"name": "Can change log entry", "content_type": 1, "codename": "change_logentry"}}, {"model": "auth.permission", "pk": 3, "fields": {"name": "Can delete log entry", "content_type": 1, "codename": "delete_logentry"}}, {"model": "auth.permission", "pk": 4, "fields": {"name": "Can view log entry", "content_type": 1, "codename": "view_logentry"}}, {"model": "auth.permission", "pk": 5, "fields": {"name": "Can add permission", "content_type": 2, "codename": "add_permission"}}, {"model": "auth.permission", "pk": 6, "fields": {"name": "Can change permission", "content_type": 2, "codename": "change_permission"}}, {"model": "auth.permission", "pk": 7, "fields": {"name": "Can delete permission", "content_type": 2, "codename": "delete_permission"}}, {"model": "auth.permission", "pk": 8, "fields": {"name": "Can view permission", "content_type": 2, "codename": "view_permission"}}, {"model": "auth.permission", "pk": 9, "fields": {"name": "Can add group", "content_type": 3, "codename": "add_group"}}, {"model": "auth.permission", "pk": 10, "fields": {"name": "Can change group", "content_type": 3, "codename": "change_group"}}, {"model": "auth.permission", "pk": 11, "fields": {"name": "Can delete group", "content_type": 3, "codename": "delete_group"}}, {"model": "auth.permission", "pk": 12, "fields": {"name": "Can view group", "content_type": 3, "codename": "view_group"}}, {"model": "auth.permission", "pk": 13, "fields": {"name": "Can add content type", "content_type": 4, "codename": "add_contenttype"}}, {"model": "auth.permission", "pk": 14, "fields": {"name": "Can change content type", "content_type": 4, "codename": "change_contenttype"}}, {"model": "auth.permission", "pk": 15, "fields": {"name": "Can delete content type", "content_type": 4, "codename": "delete_contenttype"}}, {"model": "auth.permission", "pk": 16, "fields": {"name": "Can view content type", "content_type": 4, "codename": "view_contenttype"}}, {"model": "auth.permission", "pk": 17, "fields": {"name": "Can add session", "content_type": 5, "codename": "add_session"}}, {"model": "auth.permission", "pk": 18, "fields": {"name": "Can change session", "content_type": 5, "codename": "change_session"}}, {"model": "auth.permission", "pk": 19, "fields": {"name": "Can delete session", "content_type": 5, "codename": "delete_session"}}, {"model": "auth.permission", "pk": 20, "fields": {"name": "Can view session", "content_type": 5, "codename": "view_session"}}, {"model": "auth.permission", "pk": 21, "fields": {"name": "Can add user", "content_type": 6, "codename": "add_user"}}, {"model": "auth.permission", "pk": 22, "fields": {"name": "Can change user", "content_type": 6, "codename": "change_user"}}, {"model": "auth.permission", "pk": 23, "fields": {"name": "Can delete user", "content_type": 6, "codename": "delete_user"}}, {"model": "auth.permission", "pk": 24, "fields": {"name": "Can view user", "content_type": 6, "codename": "view_user"}}, {"model": "auth.permission", "pk": 25, "fields": {"name": "Can add cook", "content_type": 7, "codename": "add_cook"}}, {"model": "auth.permission", "pk": 26, "fields": {"name": "Can change cook", "content_type": 7, "codename": "change_cook"}}, {"model": "auth.permission", "pk": 27, "fields": {"name": "Can delete cook", "content_type": 7, "codename": "delete_cook"}}, {"model": "auth.permission", "pk": 28, "fields": {"name": "Can view cook", "content_type": 7, "codename": "view_cook"}}, {"model": "auth.permission", "pk": 29, "fields": {"name": "Can add cuisine", "content_type": 8, "codename": "add_cuisine"}}, {"model": "auth.permission", "pk": 30, "fields": {"name": "Can change cuisine", "content_type": 8, "codename": "change_cuisine"}}, {"model": "auth.permission", "pk": 31, "fields": {"name": "Can delete cuisine", "content_type": 8, "codename": "delete_cuisine"}}, {"model": "auth.permission", "pk": 32, "fields": {"name": "Can view cuisine", "content_type": 8, "codename": "view_cuisine"}}, {"model": "auth.permission", "pk": 33, "fields": {"name": "Can add dish", "content_type": 9, "codename": "add_dish"}}, {"model": "auth.permission", "pk": 34, "fields": {"name": "Can change dish", "content_type": 9, "codename": "change_dish"}}, {"model": "auth.permission", "pk": 35, "fields": {"name": "Can delete dish", "content_type": 9, "codename": "delete_dish"}}, {"model": "auth.permission", "pk": 36, "fields": {"name": "Can view dish", "content_type": 9, "codename": "view_dish"}}, {"model": "auth.permission", "pk": 37, "fields": {"name": "Can add customer", "content_type": 10, "codename": "add_customer"}}, {"model": "auth.permission", "pk": 38, "fields": {"name": "Can change customer", "content_type": 10, "codename": "change_customer"}}, {"model": "auth.permission", "pk": 39, "fields": {"name": "Can delete customer", "content_type": 10, "codename": "delete_customer"}}, {"model": "auth.permission", "pk": 40, "fields": {"name": "Can view customer", "content_type": 10, "codename": "view_customer"}}, {"model": "auth.permission", "pk": 41, "fields": {"name": "Can add Dish Review", "content_type": 11, "codename": "add_dish_review"}}, {"model": "auth.permission", "pk": 42, "fields": {"name": "Can change Dish Review", "content_type": 11, "codename": "change_dish_review"}}, {"model": "auth.permission", "pk": 43, "fields": {"name": "Can delete Dish Review", "content_type": 11, "codename": "delete_dish_review"}}, {"model": "auth.permission", "pk": 44, "fields": {"name": "Can view Dish Review", "content_type": 11, "codename": "view_dish_review"}}, {"model": "auth.permission", "pk": 45, "fields": {"name": "Can add address", "content_type": 12, "codename": "add_address"}}, {"model": "auth.permission", "pk": 46, "fields": {"name": "Can change address", "content_type": 12, "codename": "change_address"}}, {"model": "auth.permission", "pk": 47, "fields": {"name": "Can delete address", "content_type": 12, "codename": "delete_address"}}, {"model": "auth.permission", "pk": 48, "fields": {"name": "Can view address", "content_type": 12, "codename": "view_address"}}, {"model": "auth.permission", "pk": 49, "fields": {"name": "Can add reject reason", "content_type": 13, "codename": "add_rejectreason"}}, {"model": "auth.permission", "pk": 50, "fields": {"name": "Can change reject reason", "content_type": 13, "codename": "change_rejectreason"}}, {"model": "auth.permission", "pk": 51, "fields": {"name": "Can delete reject reason", "content_type": 13, "codename": "delete_rejectreason"}}, {"model": "auth.permission", "pk": 52, "fields": {"name": "Can view reject reason", "content_type": 13, "codename": "view_rejectreason"}}, {"model": "auth.permission", "pk": 53, "fields": {"name": "Can add order", "content_type": 14, "codename": "add_order"}}, {"model": "auth.permission", "pk": 54, "fields": {"name": "Can change order", "content_type": 14, "codename": "change_order"}}, {"model": "auth.permission", "pk": 55, "fields": {"name": "Can delete order", "content_type": 14, "codename": "delete_order"}}, {"model": "auth.permission", "pk": 56, "fields": {"name": "Can view order", "content_type": 14, "codename": "view_order"}}, {"model": "auth.permission", "pk": 57, "fields": {"name": "Can add item", "content_type": 15, "codename": "add_item"}}, {"model": "auth.permission", "pk": 58, "fields": {"name": "Can change item", "content_type": 15, "codename": "change_item"}}, {"model": "auth.permission", "pk": 59, "fields": {"name": "Can delete item", "content_type": 15, "codename": "delete_item"}}, {"model": "auth.permission", "pk": 60, "fields": {"name": "Can view item", "content_type": 15, "codename": "view_item"}}, {"model": "auth.permission", "pk": 61, "fields": {"name": "Can add shopping cart", "content_type": 16, "codename": "add_shoppingcart"}}, {"model": "auth.permission", "pk": 62, "fields": {"name": "Can change shopping cart", "content_type": 16, "codename": "change_shoppingcart"}}, {"model": "auth.permission", "pk": 63, "fields": {"name": "Can delete shopping cart", "content_type": 16, "codename": "delete_shoppingcart"}}, {"model": "auth.permission", "pk": 64, "fields": {"name": "Can view shopping cart", "content_type": 16, "codename": "view_shoppingcart"}}, {"model": "auth.permission", "pk": 65, "fields": {"name": "Can add cart item", "content_type": 17, "codename": "add_cartitem"}}, {"model": "auth.permission", "pk": 66, "fields": {"name": "Can change cart item", "content_type": 17, "codename": "change_cartitem"}}, {"model": "auth.permission", "pk": 67, "fields": {"name": "Can delete cart item", "content_type": 17, "codename": "delete_cartitem"}}, {"model": "auth.permission", "pk": 68, "fields": {"name": "Can view cart item", "content_type": 17, "codename": "view_cartitem"}}, {"model": "auth.permission", "pk": 69, "fields": {"name": "Can add cook change request", "content_type": 18, "codename": "add_cookchangerequest"}}, {"model": "auth.permission", "pk": 70, "fields": {"name": "Can change cook change request", "content_type": 18, "codename": "change_cookchangerequest"}}, {"model": "auth.permission", "pk": 71, "fields": {"name": "Can delete cook change request", "content_type": 18, "codename": "delete_cookchangerequest"}}, {"model": "auth.permission", "pk": 72, "fields": {"name": "Can view cook change request", "content_type": 18, "codename": "view_cookchangerequest"}}, {"model": "auth.permission", "pk": 73, "fields": {"name": "Can add order message", "content_type": 19, "codename": "add_ordermessage"}}, {"model": "auth.permission", "pk": 74, "fields": {"name": "Can change order message", "content_type": 19, "codename": "change_ordermessage"}}, {"model": "auth.permission", "pk": 75, "fields": {"name": "Can delete order message", "content_type": 19, "codename": "delete_ordermessage"}}, {"model": "auth.permission", "pk": 76, "fields": {"name": "Can view order message", "content_type": 19, "codename": "view_ordermessage"}}, {"model": "homeeats_app.user", "pk": 1, "fields": {"password": "pbkdf2_sha256$150000$yD4JHp1WtwAy$61CCnI0j8G0nucmbmOnfWQPcz1bcNWc+1ewjscYlHzA=", "last_login": "2020-02-13T22:02:03.580Z", "is_superuser": true, "username": "admin", "first_name": "", "last_name": "", "email": "admin@admin.com", "is_staff": true, "is_active": true, "date_joined": "2019-12-06T19:48:27.878Z", "is_cook": false, "is_customer": false, "groups": [], "user_permissions": []}}, {"model": "homeeats_app.user", "pk": 2, "fields": {"password": "pbkdf2_sha256$150000$AP026hrO1PGH$AuOhu4r8HX/I1h5Z8qfzA4cUzXlyfHvpIiQgtb9Bo/8=", "last_login": "2019-12-06T19:51:08.083Z", "is_superuser": false, "username": "sam6tn@virginia.edu", "first_name": "Steven", "last_name": "Morrison", "email": "sam6tn@virginia.edu", "is_staff": false, "is_active": true, "date_joined": "2019-12-06T19:50:53.456Z", "is_cook": false, "is_customer": true, "groups": [], "user_permissions": []}}, {"model": "homeeats_app.user", "pk": 4, "fields": {"password": "pbkdf2_sha256$150000$o8b0VVlVLr72$hIGVdBMKRlkdE4PchXeWs+LFnJ79wO5yy4EEozPn0+g=", "last_login": "2020-02-23T20:56:36.407Z", "is_superuser": false, "username": "test@customer.com", "first_name": "John", "last_name": "Smith", "email": "capstonecustomer2020@gmail.com", "is_staff": false, "is_active": true, "date_joined": "2019-12-06T19:56:29.131Z", "is_cook": false, "is_customer": true, "groups": [], "user_permissions": []}}, {"model": "homeeats_app.user", "pk": 5, "fields": {"password": "pbkdf2_sha256$150000$idMedVNPBIME$l8KvqEh6zG/nEFmBJ1r/WEG82B7XtMExDlbldJnhMgU=", "last_login": "2020-01-27T16:54:00.597Z", "is_superuser": false, "username": "gramsey@ramsey.com", "first_name": "Gordon", "last_name": "Ramsey", "email": "", "is_staff": false, "is_active": true, "date_joined": "2019-12-06T19:57:28.095Z", "is_cook": true, "is_customer": false, "groups": [], "user_permissions": []}}, {"model": "homeeats_app.user", "pk": 6, "fields": {"password": "pbkdf2_sha256$150000$ABmJUj4Dsgs8$Yu5D3K8zEUg+8NoYWOQT2pleEj5QcM1qF/+xeytG6Gc=", "last_login": "2020-02-21T15:10:46.634Z", "is_superuser": false, "username": "test@cook.com", "first_name": "George", "last_name": "Clooney", "email": "capstonecook2020@gmail.com", "is_staff": false, "is_active": true, "date_joined": "2019-12-06T20:01:56.441Z", "is_cook": true, "is_customer": false, "groups": [], "user_permissions": []}}, {"model": "homeeats_app.user", "pk": 7, "fields": {"password": "pbkdf2_sha256$150000$rVz77DB9uD84$0pzDH+g7RQh7ER2idct/+5yRxDBbQEbp08vroqEy79c=", "last_login": "2019-12-06T20:58:23.993Z", "is_superuser": false, "username": "test2@customer.com", "first_name": "Joe", "last_name": "Smith", "email": "test2@customer.com", "is_staff": false, "is_active": true, "date_joined": "2019-12-06T20:15:44.136Z", "is_cook": false, "is_customer": true, "groups": [], "user_permissions": []}}, {"model": "homeeats_app.user", "pk": 8, "fields": {"password": "pbkdf2_sha256$150000$QoOEuqsCvqNZ$kt2GRn94eP8bSqHyF/3ZJp7j+PCe1SwKpWy+7F1dYqY=", "last_login": "2020-02-09T23:32:50.269Z", "is_superuser": false, "username": "ik7qk@virginia.edu", "first_name": "Isabel", "last_name": "Kershner", "email": "ik7qk@virginia.edu", "is_staff": false, "is_active": true, "date_joined": "2020-01-25T22:38:00.827Z", "is_cook": false, "is_customer": true, "groups": [], "user_permissions": []}}, {"model": "homeeats_app.user", "pk": 9, "fields": {"password": "pbkdf2_sha256$150000$voG237FoROcq$gANqG39asDv7+kJ1R1ueR0nq+EyzKQ7ymUboO5j1rq8=", "last_login": "2020-01-27T17:26:25.822Z", "is_superuser": false, "username": "ankith.y@gmail.com", "first_name": "Ankith", "last_name": "Yennu", "email": "ankith.y@gmail.com", "is_staff": false, "is_active": true, "date_joined": "2020-01-27T17:04:28.859Z", "is_cook": false, "is_customer": true, "groups": [], "user_permissions": []}}, {"model": "homeeats_app.user", "pk": 10, "fields": {"password": "pbkdf2_sha256$150000$Y2JLSXNltPbf$5eqcgaTCD613tm5dqumwNwm3kPe2HSp3yI8deQgqtPk=", "last_login": "2020-02-09T21:53:21.026Z", "is_superuser": false, "username": "test@test.com", "first_name": "test", "last_name": "test", "email": "test@test.com", "is_staff": false, "is_active": true, "date_joined": "2020-02-09T21:53:04.572Z", "is_cook": false, "is_customer": true, "groups": [], "user_permissions": []}}, {"model": "homeeats_app.user", "pk": 11, "fields": {"password": "pbkdf2_sha256$150000$cKLKvJeAev11$IYv3GCeV7XzVxGAmQ4ucSkhrEst/ssXMwppVhJ2UZWI=", "last_login": null, "is_superuser": false, "username": "test1@test.com", "first_name": "Isabel", "last_name": "Kershner", "email": "", "is_staff": false, "is_active": true, "date_joined": "2020-02-10T00:34:22.152Z", "is_cook": true, "is_customer": false, "groups": [], "user_permissions": []}}, {"model": "homeeats_app.user", "pk": 12, "fields": {"password": "pbkdf2_sha256$150000$Aef5YtVsT8yk$MdByZvKXSSb8UOHcOHufkZKMvY5N74N71qvWlc7qBRA=", "last_login": "2020-02-23T22:35:53.275Z", "is_superuser": false, "username": "anki@anki.com", "first_name": "Anki", "last_name": "Anki", "email": "anki@anki.com", "is_staff": false, "is_active": true, "date_joined": "2020-02-23T22:35:44.225Z", "is_cook": false, "is_customer": true, "groups": [], "user_permissions": []}}, {"model": "homeeats_app.cook", "pk": 2, "fields": {"banned": false, "approved": true, "online": false, "kitchen_license": "U89J765H888", "government_id": "cook_government_ids/fakeid_cUhl9tS.jpg", "phone_number": "7897897890", "user": 5, "delivery_distance_miles": 25, "delivery_fee": "2.00"}}, {"model": "homeeats_app.cook", "pk": 3, "fields": {"banned": false, "approved": true, "online": true, "kitchen_license": "K324J876KK99", "government_id": "cook_government_ids/fakeid_oDZ0RWL.jpg", "phone_number": "7037862142", "user": 6, "delivery_distance_miles": 30, "delivery_fee": "2.00"}}, {"model": "homeeats_app.cook", "pk": 4, "fields": {"banned": false, "approved": true, "online": false, "kitchen_license": "abcdefg", "government_id": "cook_government_ids/IMG_0478.jpg", "phone_number": "1234567890", "user": 11, "delivery_distance_miles": 10, "delivery_fee": "3.00"}}, {"model": "homeeats_app.customer", "pk": 1, "fields": {"banned": false, "phone_number": "5408413606", "user": 2, "favorites": []}}, {"model": "homeeats_app.customer", "pk": 2, "fields": {"banned": false, "phone_number": "5403459876", "user": 4, "favorites": []}}, {"model": "homeeats_app.customer", "pk": 3, "fields": {"banned": false, "phone_number": "4347658907", "user": 7, "favorites": [7]}}, {"model": "homeeats_app.customer", "pk": 4, "fields": {"banned": false, "phone_number": "1234567890", "user": 8, "favorites": []}}, {"model": "homeeats_app.customer", "pk": 5, "fields": {"banned": false, "phone_number": "7037862142", "user": 9, "favorites": []}}, {"model": "homeeats_app.customer", "pk": 7, "fields": {"banned": false, "phone_number": "4345678904", "user": 12, "favorites": []}}, {"model": "homeeats_app.ordermessage", "pk": 1, "fields": {"user": 4, "message": "Test", "time": "2020-02-23T22:11:25.153Z", "order": 30}}, {"model": "admin.logentry", "pk": 1, "fields": {"action_time": "2019-12-06T19:59:36.600Z", "user": 1, "content_type": 6, "object_id": "3", "object_repr": "test@cook.com", "action_flag": 2, "change_message": "[{\"changed\": {\"fields\": [\"password\"]}}]"}}, {"model": "admin.logentry", "pk": 2, "fields": {"action_time": "2019-12-06T19:59:46.661Z", "user": 1, "content_type": 6, "object_id": "3", "object_repr": "test@cook.com", "action_flag": 2, "change_message": "[]"}}, {"model": "admin.logentry", "pk": 3, "fields": {"action_time": "2019-12-06T20:00:35.736Z", "user": 1, "content_type": 6, "object_id": "3", "object_repr": "test@cook.com", "action_flag": 3, "change_message": ""}}, {"model": "admin.logentry", "pk": 4, "fields": {"action_time": "2019-12-06T20:04:07.819Z", "user": 1, "content_type": 8, "object_id": "1", "object_repr": "Italian cuisine (1)", "action_flag": 1, "change_message": "[{\"added\": {}}]"}}, {"model": "admin.logentry", "pk": 5, "fields": {"action_time": "2019-12-06T20:04:12.416Z", "user": 1, "content_type": 8, "object_id": "2", "object_repr": "American cuisine (2)", "action_flag": 1, "change_message": "[{\"added\": {}}]"}}, {"model": "admin.logentry", "pk": 6, "fields": {"action_time": "2019-12-06T20:05:05.854Z", "user": 1, "content_type": 8, "object_id": "3", "object_repr": "Indian cuisine (3)", "action_flag": 1, "change_message": "[{\"added\": {}}]"}}, {"model": "admin.logentry", "pk": 7, "fields": {"action_time": "2019-12-06T20:25:31.775Z", "user": 1, "content_type": 8, "object_id": "4", "object_repr": "Mexican cuisine (4)", "action_flag": 1, "change_message": "[{\"added\": {}}]"}}, {"model": "admin.logentry", "pk": 8, "fields": {"action_time": "2019-12-06T20:29:27.192Z", "user": 1, "content_type": 13, "object_id": "1", "object_repr": "Out of Supplies", "action_flag": 1, "change_message": "[{\"added\": {}}]"}}, {"model": "admin.logentry", "pk": 9, "fields": {"action_time": "2019-12-06T20:29:37.173Z", "user": 1, "content_type": 13, "object_id": "2", "object_repr": "Delivery related issue", "action_flag": 1, "change_message": "[{\"added\": {}}]"}}, {"model": "admin.logentry", "pk": 10, "fields": {"action_time": "2019-12-06T20:31:09.420Z", "user": 1, "content_type": 8, "object_id": "5", "object_repr": "Thai cuisine (5)", "action_flag": 1, "change_message": "[{\"added\": {}}]"}}, {"model": "admin.logentry", "pk": 11, "fields": {"action_time": "2019-12-06T20:34:43.887Z", "user": 1, "content_type": 8, "object_id": "6", "object_repr": "Mediterranean cuisine (6)", "action_flag": 1, "change_message": "[{\"added\": {}}]"}}, {"model": "admin.logentry", "pk": 12, "fields": {"action_time": "2019-12-06T20:45:19.360Z", "user": 1, "content_type": 8, "object_id": "7", "object_repr": "Chinese cuisine (7)", "action_flag": 1, "change_message": "[{\"added\": {}}]"}}, {"model": "admin.logentry", "pk": 13, "fields": {"action_time": "2019-12-06T20:46:07.111Z", "user": 1, "content_type": 8, "object_id": "8", "object_repr": "Other cuisine (8)", "action_flag": 1, "change_message": "[{\"added\": {}}]"}}, {"model": "admin.logentry", "pk": 14, "fields": {"action_time": "2019-12-07T04:09:41.427Z", "user": 1, "content_type": 14, "object_id": "6", "object_repr": "Order object (6)", "action_flag": 2, "change_message": "[{\"changed\": {\"fields\": [\"special_requests\", \"street_name\", \"city\", \"state\", \"zipcode\"]}}]"}}, {"model": "admin.logentry", "pk": 15, "fields": {"action_time": "2019-12-07T04:10:32.131Z", "user": 1, "content_type": 14, "object_id": "5", "object_repr": "Order object (5)", "action_flag": 2, "change_message": "[{\"changed\": {\"fields\": [\"special_requests\", \"street_name\", \"city\", \"state\", \"zipcode\"]}}]"}}, {"model": "admin.logentry", "pk": 16, "fields": {"action_time": "2019-12-07T04:10:47.108Z", "user": 1, "content_type": 14, "object_id": "4", "object_repr": "Order object (4)", "action_flag": 2, "change_message": "[{\"changed\": {\"fields\": [\"special_requests\", \"street_name\", \"city\", \"state\", \"zipcode\"]}}]"}}, {"model": "admin.logentry", "pk": 17, "fields": {"action_time": "2019-12-07T04:11:03.382Z", "user": 1, "content_type": 14, "object_id": "3", "object_repr": "Order object (3)", "action_flag": 2, "change_message": "[{\"changed\": {\"fields\": [\"special_requests\", \"street_name\", \"city\", \"state\", \"zipcode\"]}}]"}}, {"model": "admin.logentry", "pk": 18, "fields": {"action_time": "2019-12-07T04:11:17.317Z", "user": 1, "content_type": 14, "object_id": "2", "object_repr": "Order object (2)", "action_flag": 2, "change_message": "[{\"changed\": {\"fields\": [\"street_name\", \"city\", \"state\", \"zipcode\"]}}]"}}, {"model": "admin.logentry", "pk": 19, "fields": {"action_time": "2019-12-07T04:11:31.985Z", "user": 1, "content_type": 14, "object_id": "1", "object_repr": "Order object (1)", "action_flag": 2, "change_message": "[{\"changed\": {\"fields\": [\"street_name\", \"city\", \"state\", \"zipcode\"]}}]"}}, {"model": "admin.logentry", "pk": 20, "fields": {"action_time": "2020-02-08T00:10:34.975Z", "user": 1, "content_type": 16, "object_id": "2", "object_repr": "ShoppingCart object (2)", "action_flag": 2, "change_message": "[{\"changed\": {\"fields\": [\"item_subtotal\", \"tax\", \"total_before_tip\", \"empty\", \"special_requests\"]}}]"}}, {"model": "admin.logentry", "pk": 21, "fields": {"action_time": "2020-02-09T23:06:32.535Z", "user": 1, "content_type": 10, "object_id": "6", "object_repr": "test test (6)", "action_flag": 3, "change_message": ""}}]