[{"model": "contenttypes.contenttype", "pk": 1, "fields": {"app_label": "admin", "model": "logentry"}}, {"model": "contenttypes.contenttype", "pk": 2, "fields": {"app_label": "auth", "model": "permission"}}, {"model": "contenttypes.contenttype", "pk": 3, "fields": {"app_label": "auth", "model": "group"}}, {"model": "contenttypes.contenttype", "pk": 4, "fields": {"app_label": "contenttypes", "model": "contenttype"}}, {"model": "contenttypes.contenttype", "pk": 5, "fields": {"app_label": "sessions", "model": "session"}}, {"model": "contenttypes.contenttype", "pk": 6, "fields": {"app_label": "homeeats_app", "model": "user"}}, {"model": "contenttypes.contenttype", "pk": 7, "fields": {"app_label": "homeeats_app", "model": "cook"}}, {"model": "contenttypes.contenttype", "pk": 8, "fields": {"app_label": "homeeats_app", "model": "cuisine"}}, {"model": "contenttypes.contenttype", "pk": 9, "fields": {"app_label": "homeeats_app", "model": "dish"}}, {"model": "contenttypes.contenttype", "pk": 10, "fields": {"app_label": "homeeats_app", "model": "customer"}}, {"model": "contenttypes.contenttype", "pk": 11, "fields": {"app_label": "homeeats_app", "model": "dish_review"}}, {"model": "contenttypes.contenttype", "pk": 12, "fields": {"app_label": "homeeats_app", "model": "address"}}, {"model": "contenttypes.contenttype", "pk": 13, "fields": {"app_label": "homeeats_app", "model": "rejectreason"}}, {"model": "contenttypes.contenttype", "pk": 14, "fields": {"app_label": "homeeats_app", "model": "order"}}, {"model": "contenttypes.contenttype", "pk": 15, "fields": {"app_label": "homeeats_app", "model": "item"}}, {"model": "contenttypes.contenttype", "pk": 16, "fields": {"app_label": "homeeats_app", "model": "shoppingcart"}}, {"model": "contenttypes.contenttype", "pk": 17, "fields": {"app_label": "homeeats_app", "model": "cartitem"}}, {"model": "contenttypes.contenttype", "pk": 18, "fields": {"app_label": "homeeats_app", "model": "cookchangerequest"}}, {"model": "sessions.session", "pk": "7ka74kebhejh3foijj81svqu5io11shh", "fields": {"session_data": "MjdmOTYyMDFjMDdkYjZhYmVkMTQ3ZDJmMTI1YWQzNmU0MzUyYTY1NDp7Il9hdXRoX3VzZXJfaWQiOiI1IiwiX2F1dGhfdXNlcl9iYWNrZW5kIjoiZGphbmdvLmNvbnRyaWIuYXV0aC5iYWNrZW5kcy5Nb2RlbEJhY2tlbmQiLCJfYXV0aF91c2VyX2hhc2giOiIwZWUzOGExNmU4YWNmZjM3NjIxYWUzOWVjNzk0ZDg5ZGE2MGJjNDgwIn0=", "expire_date": "2019-12-21T03:50:23.739Z"}}, {"model": "sessions.session", "pk": "j9fz9x6uumyswona2vmltuam0owqcroz", "fields": {"session_data": "N2MzNzYxMzAwZWI4NTMyMWIxNGU5NDljNzViNDdiZmI0MTNiNjc0Nzp7Il9hdXRoX3VzZXJfaWQiOiIxIiwiX2F1dGhfdXNlcl9iYWNrZW5kIjoiZGphbmdvLmNvbnRyaWIuYXV0aC5iYWNrZW5kcy5Nb2RlbEJhY2tlbmQiLCJfYXV0aF91c2VyX2hhc2giOiIxMTViYTJmOWNlNjI3OWZiZDcwNjBiMzVmZmY4MWMyODQ0YjYyNDIyIn0=", "expire_date": "2019-12-20T19:54:09.214Z"}}, {"model": "sessions.session", "pk": "x1iyrj2xwdb695rx1llbhh5187rt23tt", "fields": {"session_data": "ZGEyYzJiYmJiNmVhYzMxYmZmODJmMzQ5ZDRjZjUyMjA3MjcwNDMxNjp7Il9hdXRoX3VzZXJfaWQiOiI2IiwiX2F1dGhfdXNlcl9iYWNrZW5kIjoiZGphbmdvLmNvbnRyaWIuYXV0aC5iYWNrZW5kcy5Nb2RlbEJhY2tlbmQiLCJfYXV0aF91c2VyX2hhc2giOiI2NWRjNjhhMWNiN2Y2NWE1Y2JiNmYzYjE4NTQwNTk1YTM4YTU3OTY0In0=", "expire_date": "2019-12-20T21:13:18.541Z"}}, {"model": "sessions.session", "pk": "zqtspr3klt4xtamxami36te2v7jzhmnf", "fields": {"session_data": "N2MzNzYxMzAwZWI4NTMyMWIxNGU5NDljNzViNDdiZmI0MTNiNjc0Nzp7Il9hdXRoX3VzZXJfaWQiOiIxIiwiX2F1dGhfdXNlcl9iYWNrZW5kIjoiZGphbmdvLmNvbnRyaWIuYXV0aC5iYWNrZW5kcy5Nb2RlbEJhY2tlbmQiLCJfYXV0aF91c2VyX2hhc2giOiIxMTViYTJmOWNlNjI3OWZiZDcwNjBiMzVmZmY4MWMyODQ0YjYyNDIyIn0=", "expire_date": "2019-12-21T04:08:00.480Z"}}, {"model": "homeeats_app.cuisine", "pk": 1, "fields": {"name": "Italian", "flag": "flags/Flag-Italy.jpg", "cooks": [3]}}, {"model": "homeeats_app.cuisine", "pk": 2, "fields": {"name": "American", "flag": "flags/american_M6DPPzH.png", "cooks": [3]}}, {"model": "homeeats_app.cuisine", "pk": 3, "fields": {"name": "Indian", "flag": "flags/india.png", "cooks": [3, 2]}}, {"model": "homeeats_app.cuisine", "pk": 4, "fields": {"name": "Mexican", "flag": "flags/mexican_lX99rr5.png", "cooks": [2]}}, {"model": "homeeats_app.cuisine", "pk": 5, "fields": {"name": "Thai", "flag": "flags/Flag_of_Thailand.png", "cooks": []}}, {"model": "homeeats_app.cuisine", "pk": 6, "fields": {"name": "Mediterranean", "flag": "flags/Flag_of_the_Mediterranean.png", "cooks": []}}, {"model": "homeeats_app.cuisine", "pk": 7, "fields": {"name": "Chinese", "flag": "flags/Flag_of_China.png", "cooks": []}}, {"model": "homeeats_app.cuisine", "pk": 8, "fields": {"name": "Other", "flag": "flags/world-map.gif", "cooks": []}}, {"model": "homeeats_app.dish", "pk": 1, "fields": {"title": "Butter Chicken", "cook_disabled": false, "cuisine": 3, "description": "Chicken in a rich, creamy, butter sauce with authentic indian spices", "ingredients": "[\"chicken\", \"butter\", \"tomato puree\", \"masala\"]", "dish_image": "dishes/butterchicken_lebnZpU.jpg", "cook_time": 20, "price": "12.00", "cook": 3, "rating": 0, "vegan": false, "allergies": "None"}}, {"model": "homeeats_app.dish", "pk": 2, "fields": {"title": "Chole Bhature", "cook_disabled": false, "cuisine": 3, "description": "Chickpeas cooked with authentic indian spices with a side of bread", "ingredients": "[\"chickpeas\", \"sauce\"]", "dish_image": "dishes/chole.jpg", "cook_time": 12, "price": "8.00", "cook": 3, "rating": 0, "vegan": false, "allergies": "None"}}, {"model": "homeeats_app.dish", "pk": 3, "fields": {"title": "Chicken Marsala", "cook_disabled": false, "cuisine": 1, "description": "A spicy italian chicken with italian seasoning", "ingredients": "[\"chicken\", \"peppers\", \"italian seasoning\"]", "dish_image": "dishes/marsala.jpg", "cook_time": 25, "price": "10.00", "cook": 3, "rating": 0, "vegan": false, "allergies": "none"}}, {"model": "homeeats_app.dish", "pk": 4, "fields": {"title": "Chicken Alfredo", "cook_disabled": false, "cuisine": 1, "description": "A rich, creamy alfredo suace with penne pasta", "ingredients": "[\"penne\", \"alfredo sauce\"]", "dish_image": "dishes/alfredo.jpg", "cook_time": 15, "price": "15.00", "cook": 3, "rating": 0, "vegan": false, "allergies": "None"}}, {"model": "homeeats_app.dish", "pk": 5, "fields": {"title": "Cheeseburger", "cook_disabled": false, "cuisine": 2, "description": "a burger with a beef patty and cheese", "ingredients": "[\"cheese\", \"bread\", \"beef patty\", \"lettuce\", \"tomato\"]", "dish_image": "dishes/cheeseburger.jpg", "cook_time": 10, "price": "9.00", "cook": 3, "rating": 0, "vegan": false, "allergies": "None"}}, {"model": "homeeats_app.dish", "pk": 6, "fields": {"title": "Chicken Chimichanga", "cook_disabled": false, "cuisine": 4, "description": "Fried burrito with mexican spices and a side of black beans and rice", "ingredients": "[\"sour cream\", \"tortilla\", \"cheese\", \"chicken\", \"beans\", \"rice\"]", "dish_image": "dishes/chimichanga.jpg", "cook_time": 15, "price": "4.00", "cook": 2, "rating": 3, "vegan": false, "allergies": "None"}}, {"model": "homeeats_app.dish", "pk": 7, "fields": {"title": "3 Tacos", "cook_disabled": false, "cuisine": 4, "description": "Tacos are a mexican delicacy", "ingredients": "[\"beef\", \"rice\", \"corn tortilla\", \"taco sauce\"]", "dish_image": "dishes/tacos.jpg", "cook_time": 10, "price": "9.00", "cook": 2, "rating": 5, "vegan": false, "allergies": "None"}}, {"model": "homeeats_app.dish", "pk": 8, "fields": {"title": "Chaat", "cook_disabled": false, "cuisine": 3, "description": "Small plate of sweet sauce and crunch indian snacks mixed toegether with yogurt", "ingredients": "[\"sweet sauce\", \"fried things\"]", "dish_image": "dishes/chaat.jpeg", "cook_time": 5, "price": "6.00", "cook": 2, "rating": 0, "vegan": false, "allergies": "None"}}, {"model": "homeeats_app.dish_review", "pk": 1, "fields": {"dish_rating": 5, "description": "These tacos are delicious! Very cheap for the amount of food and the delivery was extremely quick. I would definitely recommend.", "report_flag": true, "report_reason": "o", "customer": 2, "dish": 7, "date": "2019-12-06T20:48:22.266Z"}}, {"model": "homeeats_app.dish_review", "pk": 3, "fields": {"dish_rating": 3, "description": "Decent chimichanga but nothing special. The tortilla was a little soggy when I arrived but the flavors were good.", "report_flag": false, "report_reason": "", "customer": 2, "dish": 6, "date": "2019-12-06T20:55:25.247Z"}}, {"model": "homeeats_app.dish_review", "pk": 4, "fields": {"dish_rating": 5, "description": "The best tacos I've ever had! Will definitely order again.", "report_flag": false, "report_reason": "", "customer": 3, "dish": 7, "date": "2019-12-06T21:02:27.646Z"}}, {"model": "homeeats_app.address", "pk": 1, "fields": {"street_name": "20 Palace Lane", "city": "Stafford", "state": "VA", "zipcode": "22554", "cook": null, "customer": 1, "is_cook_address": false, "current_customer_address": true}}, {"model": "homeeats_app.address", "pk": 2, "fields": {"street_name": "1513 Virginia Avenue", "city": "Charlottesville", "state": "VA", "zipcode": "22904", "cook": null, "customer": 1, "is_cook_address": false, "current_customer_address": false}}, {"model": "homeeats_app.address", "pk": 4, "fields": {"street_name": "1212 Wertland Street", "city": "Charlottesville", "state": "VA", "zipcode": "22903", "cook": null, "customer": 2, "is_cook_address": false, "current_customer_address": true}}, {"model": "homeeats_app.address", "pk": 5, "fields": {"street_name": "1815 Jefferson Park Ave", "city": "Charlottesville", "state": "Virginia", "zipcode": "22903", "cook": 2, "customer": null, "is_cook_address": true, "current_customer_address": false}}, {"model": "homeeats_app.address", "pk": 6, "fields": {"street_name": "2210 Fontaine Ave", "city": "Charlottesville", "state": "VA", "zipcode": "22903", "cook": 3, "customer": null, "is_cook_address": true, "current_customer_address": false}}, {"model": "homeeats_app.address", "pk": 7, "fields": {"street_name": "300 15th Street NW", "city": "Charlottesville", "state": "VA", "zipcode": "22903", "cook": null, "customer": 3, "is_cook_address": false, "current_customer_address": true}}, {"model": "homeeats_app.address", "pk": 8, "fields": {"street_name": "1 Infinite Loop", "city": "Cupertino", "state": "CA", "zipcode": "95014", "cook": null, "customer": 2, "is_cook_address": false, "current_customer_address": false}}, {"model": "homeeats_app.rejectreason", "pk": 1, "fields": {"reason": "Out of Supplies"}}, {"model": "homeeats_app.rejectreason", "pk": 2, "fields": {"reason": "Delivery related issue"}}, {"model": "homeeats_app.rejectreason", "pk": 3, "fields": {"reason": "Expired"}}, {"model": "homeeats_app.order", "pk": 1, "fields": {"name": "John Smith", "customer": 2, "cook": 3, "item_subtotal": "24.00", "tax": "1.44", "tip": "2.00", "delivery_fee": "2.00", "total": "29.44", "special_requests": "with ketchup please", "status": "x", "date": "2019-12-06T20:27:52Z", "estimated_arrival_time": "2019-12-06T20:54:52Z", "actual_arrival_time": null, "pending_deadline": "2019-12-06T20:32:52Z", "reject_reason": 1, "street_name": "1212 Wertland Street", "city": "Charlottesville", "state": "VA", "zipcode": "22903"}}, {"model": "homeeats_app.order", "pk": 2, "fields": {"name": "John Smith", "customer": 2, "cook": 3, "item_subtotal": "20.00", "tax": "1.20", "tip": "1.00", "delivery_fee": "2.00", "total": "24.20", "special_requests": "extra spicy", "status": "r", "date": "2019-12-06T20:29:47Z", "estimated_arrival_time": "2019-12-06T21:01:47Z", "actual_arrival_time": "2019-12-06T20:31:44Z", "pending_deadline": "2019-12-06T20:34:47Z", "reject_reason": 3, "street_name": "1212 Wertland Street", "city": "Charlottesville", "state": "VA", "zipcode": "22903"}}, {"model": "homeeats_app.order", "pk": 3, "fields": {"name": "John Smith", "customer": 2, "cook": 2, "item_subtotal": "15.00", "tax": "0.90", "tip": "5.00", "delivery_fee": "2.00", "total": "22.90", "special_requests": "request", "status": "d", "date": "2019-12-06T20:44:04Z", "estimated_arrival_time": "2019-12-06T21:05:04Z", "actual_arrival_time": "2019-12-06T20:45:25Z", "pending_deadline": "2019-12-06T20:49:04Z", "reject_reason": null, "street_name": "1212 Wertland Street", "city": "Charlottesville", "state": "VA", "zipcode": "22903"}}, {"model": "homeeats_app.order", "pk": 4, "fields": {"name": "John Smith", "customer": 2, "cook": 2, "item_subtotal": "6.00", "tax": "0.36", "tip": "1.00", "delivery_fee": "2.00", "total": "9.36", "special_requests": "request", "status": "d", "date": "2019-12-06T20:44:33Z", "estimated_arrival_time": "2019-12-06T21:00:33Z", "actual_arrival_time": "2019-12-06T20:45:26Z", "pending_deadline": "2019-12-06T20:49:33Z", "reject_reason": null, "street_name": "1212 Wertland Street", "city": "Charlottesville", "state": "Virginia", "zipcode": "22903"}}, {"model": "homeeats_app.order", "pk": 5, "fields": {"name": "John Smith", "customer": 2, "cook": 2, "item_subtotal": "4.00", "tax": "0.24", "tip": "1.50", "delivery_fee": "2.00", "total": "7.74", "special_requests": "request", "status": "d", "date": "2019-12-06T20:44:49Z", "estimated_arrival_time": "2019-12-06T21:10:49Z", "actual_arrival_time": "2019-12-06T20:45:27Z", "pending_deadline": "2019-12-06T20:49:49Z", "reject_reason": null, "street_name": "1212 Wertland Street", "city": "Charlottesville", "state": "VA", "zipcode": "22903"}}, {"model": "homeeats_app.order", "pk": 6, "fields": {"name": "Joe Smith", "customer": 3, "cook": 2, "item_subtotal": "13.00", "tax": "0.78", "tip": "0.00", "delivery_fee": "2.00", "total": "15.78", "special_requests": "request", "status": "d", "date": "2019-12-06T21:00:25Z", "estimated_arrival_time": "2019-12-06T21:27:25Z", "actual_arrival_time": "2019-12-06T21:01:06Z", "pending_deadline": "2019-12-06T21:05:25Z", "reject_reason": null, "street_name": "300 15th Street NW", "city": "Charlottesville", "state": "VA", "zipcode": "22903"}}, {"model": "homeeats_app.item", "pk": 1, "fields": {"dish": 4, "quantity": 1, "subtotal": "15.00", "order": 1, "review": null}}, {"model": "homeeats_app.item", "pk": 2, "fields": {"dish": 5, "quantity": 1, "subtotal": "9.00", "order": 1, "review": null}}, {"model": "homeeats_app.item", "pk": 3, "fields": {"dish": 2, "quantity": 1, "subtotal": "8.00", "order": 2, "review": null}}, {"model": "homeeats_app.item", "pk": 4, "fields": {"dish": 1, "quantity": 1, "subtotal": "12.00", "order": 2, "review": null}}, {"model": "homeeats_app.item", "pk": 6, "fields": {"dish": 7, "quantity": 1, "subtotal": "9.00", "order": 3, "review": 1}}, {"model": "homeeats_app.item", "pk": 7, "fields": {"dish": 8, "quantity": 1, "subtotal": "6.00", "order": 4, "review": null}}, {"model": "homeeats_app.item", "pk": 8, "fields": {"dish": 6, "quantity": 1, "subtotal": "4.00", "order": 5, "review": 3}}, {"model": "homeeats_app.item", "pk": 9, "fields": {"dish": 6, "quantity": 1, "subtotal": "4.00", "order": 6, "review": null}}, {"model": "homeeats_app.item", "pk": 10, "fields": {"dish": 7, "quantity": 1, "subtotal": "9.00", "order": 6, "review": 4}}, {"model": "homeeats_app.shoppingcart", "pk": 1, "fields": {"customer": 1, "cook": null, "item_subtotal": "0.00", "tax": "0.00", "tip": "0.00", "total_before_tip": "0.00", "total_after_tip": "0.00", "empty": true, "special_requests": ""}}, {"model": "homeeats_app.shoppingcart", "pk": 2, "fields": {"customer": 2, "cook": 2, "item_subtotal": "0.00", "tax": "0.00", "tip": "0.00", "total_before_tip": "0.00", "total_after_tip": "0.00", "empty": true, "special_requests": ""}}, {"model": "homeeats_app.shoppingcart", "pk": 3, "fields": {"customer": 3, "cook": 2, "item_subtotal": "0.00", "tax": "0.00", "tip": "0.00", "total_before_tip": "0.00", "total_after_tip": "0.00", "empty": true, "special_requests": ""}}, {"model": "auth.permission", "pk": 1, "fields": {"name": "Can add log entry", "content_type": 1, "codename": "add_logentry"}}, {"model": "auth.permission", "pk": 2, "fields": {"name": "Can change log entry", "content_type": 1, "codename": "change_logentry"}}, {"model": "auth.permission", "pk": 3, "fields": {"name": "Can delete log entry", "content_type": 1, "codename": "delete_logentry"}}, {"model": "auth.permission", "pk": 4, "fields": {"name": "Can view log entry", "content_type": 1, "codename": "view_logentry"}}, {"model": "auth.permission", "pk": 5, "fields": {"name": "Can add permission", "content_type": 2, "codename": "add_permission"}}, {"model": "auth.permission", "pk": 6, "fields": {"name": "Can change permission", "content_type": 2, "codename": "change_permission"}}, {"model": "auth.permission", "pk": 7, "fields": {"name": "Can delete permission", "content_type": 2, "codename": "delete_permission"}}, {"model": "auth.permission", "pk": 8, "fields": {"name": "Can view permission", "content_type": 2, "codename": "view_permission"}}, {"model": "auth.permission", "pk": 9, "fields": {"name": "Can add group", "content_type": 3, "codename": "add_group"}}, {"model": "auth.permission", "pk": 10, "fields": {"name": "Can change group", "content_type": 3, "codename": "change_group"}}, {"model": "auth.permission", "pk": 11, "fields": {"name": "Can delete group", "content_type": 3, "codename": "delete_group"}}, {"model": "auth.permission", "pk": 12, "fields": {"name": "Can view group", "content_type": 3, "codename": "view_group"}}, {"model": "auth.permission", "pk": 13, "fields": {"name": "Can add content type", "content_type": 4, "codename": "add_contenttype"}}, {"model": "auth.permission", "pk": 14, "fields": {"name": "Can change content type", "content_type": 4, "codename": "change_contenttype"}}, {"model": "auth.permission", "pk": 15, "fields": {"name": "Can delete content type", "content_type": 4, "codename": "delete_contenttype"}}, {"model": "auth.permission", "pk": 16, "fields": {"name": "Can view content type", "content_type": 4, "codename": "view_contenttype"}}, {"model": "auth.permission", "pk": 17, "fields": {"name": "Can add session", "content_type": 5, "codename": "add_session"}}, {"model": "auth.permission", "pk": 18, "fields": {"name": "Can change session", "content_type": 5, "codename": "change_session"}}, {"model": "auth.permission", "pk": 19, "fields": {"name": "Can delete session", "content_type": 5, "codename": "delete_session"}}, {"model": "auth.permission", "pk": 20, "fields": {"name": "Can view session", "content_type": 5, "codename": "view_session"}}, {"model": "auth.permission", "pk": 21, "fields": {"name": "Can add user", "content_type": 6, "codename": "add_user"}}, {"model": "auth.permission", "pk": 22, "fields": {"name": "Can change user", "content_type": 6, "codename": "change_user"}}, {"model": "auth.permission", "pk": 23, "fields": {"name": "Can delete user", "content_type": 6, "codename": "delete_user"}}, {"model": "auth.permission", "pk": 24, "fields": {"name": "Can view user", "content_type": 6, "codename": "view_user"}}, {"model": "auth.permission", "pk": 25, "fields": {"name": "Can add cook", "content_type": 7, "codename": "add_cook"}}, {"model": "auth.permission", "pk": 26, "fields": {"name": "Can change cook", "content_type": 7, "codename": "change_cook"}}, {"model": "auth.permission", "pk": 27, "fields": {"name": "Can delete cook", "content_type": 7, "codename": "delete_cook"}}, {"model": "auth.permission", "pk": 28, "fields": {"name": "Can view cook", "content_type": 7, "codename": "view_cook"}}, {"model": "auth.permission", "pk": 29, "fields": {"name": "Can add cuisine", "content_type": 8, "codename": "add_cuisine"}}, {"model": "auth.permission", "pk": 30, "fields": {"name": "Can change cuisine", "content_type": 8, "codename": "change_cuisine"}}, {"model": "auth.permission", "pk": 31, "fields": {"name": "Can delete cuisine", "content_type": 8, "codename": "delete_cuisine"}}, {"model": "auth.permission", "pk": 32, "fields": {"name": "Can view cuisine", "content_type": 8, "codename": "view_cuisine"}}, {"model": "auth.permission", "pk": 33, "fields": {"name": "Can add dish", "content_type": 9, "codename": "add_dish"}}, {"model": "auth.permission", "pk": 34, "fields": {"name": "Can change dish", "content_type": 9, "codename": "change_dish"}}, {"model": "auth.permission", "pk": 35, "fields": {"name": "Can delete dish", "content_type": 9, "codename": "delete_dish"}}, {"model": "auth.permission", "pk": 36, "fields": {"name": "Can view dish", "content_type": 9, "codename": "view_dish"}}, {"model": "auth.permission", "pk": 37, "fields": {"name": "Can add customer", "content_type": 10, "codename": "add_customer"}}, {"model": "auth.permission", "pk": 38, "fields": {"name": "Can change customer", "content_type": 10, "codename": "change_customer"}}, {"model": "auth.permission", "pk": 39, "fields": {"name": "Can delete customer", "content_type": 10, "codename": "delete_customer"}}, {"model": "auth.permission", "pk": 40, "fields": {"name": "Can view customer", "content_type": 10, "codename": "view_customer"}}, {"model": "auth.permission", "pk": 41, "fields": {"name": "Can add Dish Review", "content_type": 11, "codename": "add_dish_review"}}, {"model": "auth.permission", "pk": 42, "fields": {"name": "Can change Dish Review", "content_type": 11, "codename": "change_dish_review"}}, {"model": "auth.permission", "pk": 43, "fields": {"name": "Can delete Dish Review", "content_type": 11, "codename": "delete_dish_review"}}, {"model": "auth.permission", "pk": 44, "fields": {"name": "Can view Dish Review", "content_type": 11, "codename": "view_dish_review"}}, {"model": "auth.permission", "pk": 45, "fields": {"name": "Can add address", "content_type": 12, "codename": "add_address"}}, {"model": "auth.permission", "pk": 46, "fields": {"name": "Can change address", "content_type": 12, "codename": "change_address"}}, {"model": "auth.permission", "pk": 47, "fields": {"name": "Can delete address", "content_type": 12, "codename": "delete_address"}}, {"model": "auth.permission", "pk": 48, "fields": {"name": "Can view address", "content_type": 12, "codename": "view_address"}}, {"model": "auth.permission", "pk": 49, "fields": {"name": "Can add reject reason", "content_type": 13, "codename": "add_rejectreason"}}, {"model": "auth.permission", "pk": 50, "fields": {"name": "Can change reject reason", "content_type": 13, "codename": "change_rejectreason"}}, {"model": "auth.permission", "pk": 51, "fields": {"name": "Can delete reject reason", "content_type": 13, "codename": "delete_rejectreason"}}, {"model": "auth.permission", "pk": 52, "fields": {"name": "Can view reject reason", "content_type": 13, "codename": "view_rejectreason"}}, {"model": "auth.permission", "pk": 53, "fields": {"name": "Can add order", "content_type": 14, "codename": "add_order"}}, {"model": "auth.permission", "pk": 54, "fields": {"name": "Can change order", "content_type": 14, "codename": "change_order"}}, {"model": "auth.permission", "pk": 55, "fields": {"name": "Can delete order", "content_type": 14, "codename": "delete_order"}}, {"model": "auth.permission", "pk": 56, "fields": {"name": "Can view order", "content_type": 14, "codename": "view_order"}}, {"model": "auth.permission", "pk": 57, "fields": {"name": "Can add item", "content_type": 15, "codename": "add_item"}}, {"model": "auth.permission", "pk": 58, "fields": {"name": "Can change item", "content_type": 15, "codename": "change_item"}}, {"model": "auth.permission", "pk": 59, "fields": {"name": "Can delete item", "content_type": 15, "codename": "delete_item"}}, {"model": "auth.permission", "pk": 60, "fields": {"name": "Can view item", "content_type": 15, "codename": "view_item"}}, {"model": "auth.permission", "pk": 61, "fields": {"name": "Can add shopping cart", "content_type": 16, "codename": "add_shoppingcart"}}, {"model": "auth.permission", "pk": 62, "fields": {"name": "Can change shopping cart", "content_type": 16, "codename": "change_shoppingcart"}}, {"model": "auth.permission", "pk": 63, "fields": {"name": "Can delete shopping cart", "content_type": 16, "codename": "delete_shoppingcart"}}, {"model": "auth.permission", "pk": 64, "fields": {"name": "Can view shopping cart", "content_type": 16, "codename": "view_shoppingcart"}}, {"model": "auth.permission", "pk": 65, "fields": {"name": "Can add cart item", "content_type": 17, "codename": "add_cartitem"}}, {"model": "auth.permission", "pk": 66, "fields": {"name": "Can change cart item", "content_type": 17, "codename": "change_cartitem"}}, {"model": "auth.permission", "pk": 67, "fields": {"name": "Can delete cart item", "content_type": 17, "codename": "delete_cartitem"}}, {"model": "auth.permission", "pk": 68, "fields": {"name": "Can view cart item", "content_type": 17, "codename": "view_cartitem"}}, {"model": "auth.permission", "pk": 69, "fields": {"name": "Can add cook change request", "content_type": 18, "codename": "add_cookchangerequest"}}, {"model": "auth.permission", "pk": 70, "fields": {"name": "Can change cook change request", "content_type": 18, "codename": "change_cookchangerequest"}}, {"model": "auth.permission", "pk": 71, "fields": {"name": "Can delete cook change request", "content_type": 18, "codename": "delete_cookchangerequest"}}, {"model": "auth.permission", "pk": 72, "fields": {"name": "Can view cook change request", "content_type": 18, "codename": "view_cookchangerequest"}}, {"model": "homeeats_app.user", "pk": 1, "fields": {"password": "pbkdf2_sha256$150000$yD4JHp1WtwAy$61CCnI0j8G0nucmbmOnfWQPcz1bcNWc+1ewjscYlHzA=", "last_login": "2019-12-07T04:08:00.453Z", "is_superuser": true, "username": "admin", "first_name": "", "last_name": "", "email": "admin@admin.com", "is_staff": true, "is_active": true, "date_joined": "2019-12-06T19:48:27.878Z", "is_cook": false, "is_customer": false, "groups": [], "user_permissions": []}}, {"model": "homeeats_app.user", "pk": 2, "fields": {"password": "pbkdf2_sha256$150000$AP026hrO1PGH$AuOhu4r8HX/I1h5Z8qfzA4cUzXlyfHvpIiQgtb9Bo/8=", "last_login": "2019-12-06T19:51:08.083Z", "is_superuser": false, "username": "sam6tn@virginia.edu", "first_name": "Steven", "last_name": "Morrison", "email": "sam6tn@virginia.edu", "is_staff": false, "is_active": true, "date_joined": "2019-12-06T19:50:53.456Z", "is_cook": false, "is_customer": true, "groups": [], "user_permissions": []}}, {"model": "homeeats_app.user", "pk": 4, "fields": {"password": "pbkdf2_sha256$150000$o8b0VVlVLr72$hIGVdBMKRlkdE4PchXeWs+LFnJ79wO5yy4EEozPn0+g=", "last_login": "2019-12-07T01:36:43.081Z", "is_superuser": false, "username": "test@customer.com", "first_name": "John", "last_name": "Smith", "email": "test@customer.com", "is_staff": false, "is_active": true, "date_joined": "2019-12-06T19:56:29.131Z", "is_cook": false, "is_customer": true, "groups": [], "user_permissions": []}}, {"model": "homeeats_app.user", "pk": 5, "fields": {"password": "pbkdf2_sha256$150000$idMedVNPBIME$l8KvqEh6zG/nEFmBJ1r/WEG82B7XtMExDlbldJnhMgU=", "last_login": "2019-12-07T04:05:09.990Z", "is_superuser": false, "username": "gramsey@ramsey.com", "first_name": "Gordon", "last_name": "Ramsey", "email": "", "is_staff": false, "is_active": true, "date_joined": "2019-12-06T19:57:28.095Z", "is_cook": true, "is_customer": false, "groups": [], "user_permissions": []}}, {"model": "homeeats_app.user", "pk": 6, "fields": {"password": "pbkdf2_sha256$150000$ABmJUj4Dsgs8$Yu5D3K8zEUg+8NoYWOQT2pleEj5QcM1qF/+xeytG6Gc=", "last_login": "2019-12-07T03:49:48.989Z", "is_superuser": false, "username": "test@cook.com", "first_name": "George", "last_name": "Clooney", "email": "", "is_staff": false, "is_active": true, "date_joined": "2019-12-06T20:01:56.441Z", "is_cook": true, "is_customer": false, "groups": [], "user_permissions": []}}, {"model": "homeeats_app.user", "pk": 7, "fields": {"password": "pbkdf2_sha256$150000$rVz77DB9uD84$0pzDH+g7RQh7ER2idct/+5yRxDBbQEbp08vroqEy79c=", "last_login": "2019-12-06T20:58:23.993Z", "is_superuser": false, "username": "test2@customer.com", "first_name": "Joe", "last_name": "Smith", "email": "test2@customer.com", "is_staff": false, "is_active": true, "date_joined": "2019-12-06T20:15:44.136Z", "is_cook": false, "is_customer": true, "groups": [], "user_permissions": []}}, {"model": "homeeats_app.cook", "pk": 2, "fields": {"banned": false, "approved": true, "online": true, "kitchen_license": "U89J765H888", "government_id": "cook_government_ids/fakeid_cUhl9tS.jpg", "phone_number": "7897897890", "user": 5, "delivery_distance_miles": 25, "delivery_fee": "2.00"}}, {"model": "homeeats_app.cook", "pk": 3, "fields": {"banned": false, "approved": true, "online": false, "kitchen_license": "K324J876KK99", "government_id": "cook_government_ids/fakeid_oDZ0RWL.jpg", "phone_number": "7037862142", "user": 6, "delivery_distance_miles": 30, "delivery_fee": "2.00"}}, {"model": "homeeats_app.customer", "pk": 1, "fields": {"banned": false, "phone_number": "5408413606", "user": 2, "favorites": []}}, {"model": "homeeats_app.customer", "pk": 2, "fields": {"banned": false, "phone_number": "5403459876", "user": 4, "favorites": []}}, {"model": "homeeats_app.customer", "pk": 3, "fields": {"banned": false, "phone_number": "4347658907", "user": 7, "favorites": [7]}}, {"model": "admin.logentry", "pk": 1, "fields": {"action_time": "2019-12-06T19:59:36.600Z", "user": 1, "content_type": 6, "object_id": "3", "object_repr": "test@cook.com", "action_flag": 2, "change_message": "[{\"changed\": {\"fields\": [\"password\"]}}]"}}, {"model": "admin.logentry", "pk": 2, "fields": {"action_time": "2019-12-06T19:59:46.661Z", "user": 1, "content_type": 6, "object_id": "3", "object_repr": "test@cook.com", "action_flag": 2, "change_message": "[]"}}, {"model": "admin.logentry", "pk": 3, "fields": {"action_time": "2019-12-06T20:00:35.736Z", "user": 1, "content_type": 6, "object_id": "3", "object_repr": "test@cook.com", "action_flag": 3, "change_message": ""}}, {"model": "admin.logentry", "pk": 4, "fields": {"action_time": "2019-12-06T20:04:07.819Z", "user": 1, "content_type": 8, "object_id": "1", "object_repr": "Italian cuisine (1)", "action_flag": 1, "change_message": "[{\"added\": {}}]"}}, {"model": "admin.logentry", "pk": 5, "fields": {"action_time": "2019-12-06T20:04:12.416Z", "user": 1, "content_type": 8, "object_id": "2", "object_repr": "American cuisine (2)", "action_flag": 1, "change_message": "[{\"added\": {}}]"}}, {"model": "admin.logentry", "pk": 6, "fields": {"action_time": "2019-12-06T20:05:05.854Z", "user": 1, "content_type": 8, "object_id": "3", "object_repr": "Indian cuisine (3)", "action_flag": 1, "change_message": "[{\"added\": {}}]"}}, {"model": "admin.logentry", "pk": 7, "fields": {"action_time": "2019-12-06T20:25:31.775Z", "user": 1, "content_type": 8, "object_id": "4", "object_repr": "Mexican cuisine (4)", "action_flag": 1, "change_message": "[{\"added\": {}}]"}}, {"model": "admin.logentry", "pk": 8, "fields": {"action_time": "2019-12-06T20:29:27.192Z", "user": 1, "content_type": 13, "object_id": "1", "object_repr": "Out of Supplies", "action_flag": 1, "change_message": "[{\"added\": {}}]"}}, {"model": "admin.logentry", "pk": 9, "fields": {"action_time": "2019-12-06T20:29:37.173Z", "user": 1, "content_type": 13, "object_id": "2", "object_repr": "Delivery related issue", "action_flag": 1, "change_message": "[{\"added\": {}}]"}}, {"model": "admin.logentry", "pk": 10, "fields": {"action_time": "2019-12-06T20:31:09.420Z", "user": 1, "content_type": 8, "object_id": "5", "object_repr": "Thai cuisine (5)", "action_flag": 1, "change_message": "[{\"added\": {}}]"}}, {"model": "admin.logentry", "pk": 11, "fields": {"action_time": "2019-12-06T20:34:43.887Z", "user": 1, "content_type": 8, "object_id": "6", "object_repr": "Mediterranean cuisine (6)", "action_flag": 1, "change_message": "[{\"added\": {}}]"}}, {"model": "admin.logentry", "pk": 12, "fields": {"action_time": "2019-12-06T20:45:19.360Z", "user": 1, "content_type": 8, "object_id": "7", "object_repr": "Chinese cuisine (7)", "action_flag": 1, "change_message": "[{\"added\": {}}]"}}, {"model": "admin.logentry", "pk": 13, "fields": {"action_time": "2019-12-06T20:46:07.111Z", "user": 1, "content_type": 8, "object_id": "8", "object_repr": "Other cuisine (8)", "action_flag": 1, "change_message": "[{\"added\": {}}]"}}, {"model": "admin.logentry", "pk": 14, "fields": {"action_time": "2019-12-07T04:09:41.427Z", "user": 1, "content_type": 14, "object_id": "6", "object_repr": "Order object (6)", "action_flag": 2, "change_message": "[{\"changed\": {\"fields\": [\"special_requests\", \"street_name\", \"city\", \"state\", \"zipcode\"]}}]"}}, {"model": "admin.logentry", "pk": 15, "fields": {"action_time": "2019-12-07T04:10:32.131Z", "user": 1, "content_type": 14, "object_id": "5", "object_repr": "Order object (5)", "action_flag": 2, "change_message": "[{\"changed\": {\"fields\": [\"special_requests\", \"street_name\", \"city\", \"state\", \"zipcode\"]}}]"}}, {"model": "admin.logentry", "pk": 16, "fields": {"action_time": "2019-12-07T04:10:47.108Z", "user": 1, "content_type": 14, "object_id": "4", "object_repr": "Order object (4)", "action_flag": 2, "change_message": "[{\"changed\": {\"fields\": [\"special_requests\", \"street_name\", \"city\", \"state\", \"zipcode\"]}}]"}}, {"model": "admin.logentry", "pk": 17, "fields": {"action_time": "2019-12-07T04:11:03.382Z", "user": 1, "content_type": 14, "object_id": "3", "object_repr": "Order object (3)", "action_flag": 2, "change_message": "[{\"changed\": {\"fields\": [\"special_requests\", \"street_name\", \"city\", \"state\", \"zipcode\"]}}]"}}, {"model": "admin.logentry", "pk": 18, "fields": {"action_time": "2019-12-07T04:11:17.317Z", "user": 1, "content_type": 14, "object_id": "2", "object_repr": "Order object (2)", "action_flag": 2, "change_message": "[{\"changed\": {\"fields\": [\"street_name\", \"city\", \"state\", \"zipcode\"]}}]"}}, {"model": "admin.logentry", "pk": 19, "fields": {"action_time": "2019-12-07T04:11:31.985Z", "user": 1, "content_type": 14, "object_id": "1", "object_repr": "Order object (1)", "action_flag": 2, "change_message": "[{\"changed\": {\"fields\": [\"street_name\", \"city\", \"state\", \"zipcode\"]}}]"}}]