[{"model": "contenttypes.contenttype", "pk": 1, "fields": {"app_label": "admin", "model": "logentry"}}, {"model": "contenttypes.contenttype", "pk": 2, "fields": {"app_label": "auth", "model": "permission"}}, {"model": "contenttypes.contenttype", "pk": 3, "fields": {"app_label": "auth", "model": "group"}}, {"model": "contenttypes.contenttype", "pk": 4, "fields": {"app_label": "contenttypes", "model": "contenttype"}}, {"model": "contenttypes.contenttype", "pk": 5, "fields": {"app_label": "sessions", "model": "session"}}, {"model": "contenttypes.contenttype", "pk": 6, "fields": {"app_label": "homeeats_app", "model": "user"}}, {"model": "contenttypes.contenttype", "pk": 7, "fields": {"app_label": "homeeats_app", "model": "cook"}}, {"model": "contenttypes.contenttype", "pk": 8, "fields": {"app_label": "homeeats_app", "model": "cuisine"}}, {"model": "contenttypes.contenttype", "pk": 9, "fields": {"app_label": "homeeats_app", "model": "dish"}}, {"model": "contenttypes.contenttype", "pk": 10, "fields": {"app_label": "homeeats_app", "model": "customer"}}, {"model": "contenttypes.contenttype", "pk": 11, "fields": {"app_label": "homeeats_app", "model": "dish_review"}}, {"model": "contenttypes.contenttype", "pk": 12, "fields": {"app_label": "homeeats_app", "model": "address"}}, {"model": "contenttypes.contenttype", "pk": 13, "fields": {"app_label": "homeeats_app", "model": "order"}}, {"model": "contenttypes.contenttype", "pk": 14, "fields": {"app_label": "homeeats_app", "model": "item"}}, {"model": "homeeats_app.cuisine", "pk": 1, "fields": {"name": "Italian", "cooks": [1]}}, {"model": "homeeats_app.cuisine", "pk": 2, "fields": {"name": "Indian", "cooks": [1]}}, {"model": "homeeats_app.cuisine", "pk": 3, "fields": {"name": "Mexican", "cooks": [1]}}, {"model": "homeeats_app.dish", "pk": 1, "fields": {"title": "Tacos", "cuisine": 3, "description": "i love tacos", "ingredients": "[\"x\", \"x\", \"x\"]", "dish_image": "dishes/taco_usTnGJF_p1rYNcu_IPIVPSd_NPPOmL9.jpg", "cook_time": 24, "price": "5.00", "cook": 1, "rating": 2, "vegan": false, "allergies": ""}}, {"model": "homeeats_app.dish", "pk": 2, "fields": {"title": "Pasta", "cuisine": 1, "description": "adsfsadf", "ingredients": "[\"x\", \"x\", \"x\"]", "dish_image": "dishes/rotunda-beginning_CTNXKyK.jpg", "cook_time": 34, "price": "12.00", "cook": 1, "rating": 4, "vegan": false, "allergies": ""}}, {"model": "homeeats_app.dish", "pk": 3, "fields": {"title": "dasdasdas", "cuisine": 1, "description": "asdfasdf", "ingredients": "[\"x\", \"x\", \"x\"]", "dish_image": "dishes/taco_usTnGJF_HREziS0.jpg", "cook_time": 23, "price": "22.00", "cook": 1, "rating": 1, "vegan": false, "allergies": ""}}, {"model": "homeeats_app.dish", "pk": 4, "fields": {"title": "Burrito", "cuisine": 3, "description": "Best Burrito Ever!", "ingredients": "[\"tortilla\", \"chicken\", \"lettuce\", \"cheese\"]", "dish_image": "dishes/burrito_KGweWCP.jpg", "cook_time": 5, "price": "10.00", "cook": 1, "rating": 0, "vegan": false, "allergies": "a"}}, {"model": "homeeats_app.dish", "pk": 5, "fields": {"title": "chicken", "cuisine": 2, "description": "a", "ingredients": "[\"chicken\"]", "dish_image": "dishes/chicken_5qtfBzv.jpg", "cook_time": 4, "price": "8.00", "cook": 1, "rating": 4, "vegan": true, "allergies": "a"}}, {"model": "homeeats_app.dish", "pk": 6, "fields": {"title": "French Fries", "cuisine": 2, "description": "mcdonalds fries", "ingredients": "[\"potatoes\"]", "dish_image": "dishes/fries_ePE3qTk.jpg", "cook_time": 2, "price": "4.00", "cook": 1, "rating": 4, "vegan": false, "allergies": "none"}}, {"model": "homeeats_app.dish", "pk": 7, "fields": {"title": "Spaghetti", "cuisine": 1, "description": "your momma's homecooked recipe", "ingredients": "[\"noodles\"]", "dish_image": "dishes/pasta_vTx3b0H.jpg", "cook_time": 15, "price": "12.00", "cook": 1, "rating": 5, "vegan": false, "allergies": "none"}}, {"model": "homeeats_app.dish_review", "pk": 1, "fields": {"dish_rating": 4, "description": "delicious taco", "report_flag": false, "customer": 2, "dish": 1, "date": "2019-11-04T20:37:07.435Z"}}, {"model": "homeeats_app.dish_review", "pk": 2, "fields": {"dish_rating": 2, "description": "mediocre", "report_flag": false, "customer": 2, "dish": 1, "date": "2019-11-11T04:47:51.468Z"}}, {"model": "homeeats_app.dish_review", "pk": 3, "fields": {"dish_rating": 1, "description": "crappy", "report_flag": false, "customer": 2, "dish": 3, "date": "2019-11-11T05:07:20.520Z"}}, {"model": "homeeats_app.dish_review", "pk": 4, "fields": {"dish_rating": 5, "description": "delicious", "report_flag": false, "customer": 2, "dish": 2, "date": "2019-11-11T05:29:32.543Z"}}, {"model": "homeeats_app.dish_review", "pk": 5, "fields": {"dish_rating": 1, "description": "terrible", "report_flag": false, "customer": 2, "dish": 1, "date": "2019-11-11T05:59:05.327Z"}}, {"model": "homeeats_app.dish_review", "pk": 6, "fields": {"dish_rating": 1, "description": "trash", "report_flag": false, "customer": 2, "dish": 1, "date": "2019-11-11T06:29:51.742Z"}}, {"model": "homeeats_app.dish_review", "pk": 7, "fields": {"dish_rating": 5, "description": "tastes very homemade!", "report_flag": false, "customer": 2, "dish": 7, "date": "2019-11-11T06:58:18.927Z"}}, {"model": "homeeats_app.dish_review", "pk": 8, "fields": {"dish_rating": 4, "description": "very tasty!", "report_flag": false, "customer": 2, "dish": 2, "date": "2019-11-11T06:59:48.807Z"}}, {"model": "homeeats_app.dish_review", "pk": 9, "fields": {"dish_rating": 3, "description": "This is some decent fried chicken but definitely nothing special", "report_flag": false, "customer": 2, "dish": 5, "date": "2019-11-11T07:00:18.154Z"}}, {"model": "homeeats_app.dish_review", "pk": 10, "fields": {"dish_rating": 4, "description": "very tasty!", "report_flag": false, "customer": 2, "dish": 5, "date": "2019-11-11T07:00:32.931Z"}}, {"model": "homeeats_app.dish_review", "pk": 11, "fields": {"dish_rating": 4, "description": "super yummy", "report_flag": false, "customer": 2, "dish": 6, "date": "2019-11-11T18:27:46.776Z"}}, {"model": "homeeats_app.address", "pk": 1, "fields": {"street_name": "42229 Sweet Court", "city": "Chantilly", "state": "Virginia", "zipcode": "20152", "cook": null, "customer": 1, "is_cook_address": false}}, {"model": "homeeats_app.address", "pk": 2, "fields": {"street_name": "street", "city": "city", "state": "state", "zipcode": "12345", "cook": null, "customer": 2, "is_cook_address": false}}, {"model": "homeeats_app.address", "pk": 3, "fields": {"street_name": "2210 Fontaine Ave", "city": "Charlottesville", "state": "VA", "zipcode": "22903", "cook": 1, "customer": null, "is_cook_address": true}}, {"model": "homeeats_app.address", "pk": 4, "fields": {"street_name": "1815 Jefferson Park Avenue", "city": "Charlottesville", "state": "VA", "zipcode": "22903", "cook": null, "customer": 3, "is_cook_address": false}}, {"model": "homeeats_app.address", "pk": 5, "fields": {"street_name": "1513 Virginia Avenue", "city": "Charlottesville", "state": "VA", "zipcode": "22904", "cook": null, "customer": 4, "is_cook_address": false}}, {"model": "homeeats_app.order", "pk": 1, "fields": {"name": "Customer Customer", "customer": 1, "cook": 1, "total": "24.00", "special_requests": "adfasdf", "status": "c", "date": "2019-11-04T20:37:07.533Z"}}, {"model": "homeeats_app.order", "pk": 2, "fields": {"name": "Customer Customer", "customer": 1, "cook": 1, "total": "21.00", "special_requests": "use less oil please", "status": "p", "date": "2019-11-04T20:37:07.533Z"}}, {"model": "homeeats_app.order", "pk": 3, "fields": {"name": "Test Pending Order", "customer": 4, "cook": 2, "total": "10.00", "special_requests": "none", "status": "p", "date": "2019-11-11T19:40:21.500Z"}}, {"model": "homeeats_app.order", "pk": 4, "fields": {"name": "Test Cooking Order", "customer": 4, "cook": 2, "total": "15.00", "special_requests": "extra salt please", "status": "c", "date": "2019-11-11T19:41:58.597Z"}}, {"model": "homeeats_app.item", "pk": 1, "fields": {"dish": 2, "quantity": 2, "order": 1}}, {"model": "homeeats_app.item", "pk": 2, "fields": {"dish": 1, "quantity": 1, "order": 1}}, {"model": "homeeats_app.item", "pk": 3, "fields": {"dish": 6, "quantity": 1, "order": 3}}, {"model": "homeeats_app.item", "pk": 4, "fields": {"dish": 7, "quantity": 1, "order": 4}}, {"model": "auth.permission", "pk": 1, "fields": {"name": "Can add log entry", "content_type": 1, "codename": "add_logentry"}}, {"model": "auth.permission", "pk": 2, "fields": {"name": "Can change log entry", "content_type": 1, "codename": "change_logentry"}}, {"model": "auth.permission", "pk": 3, "fields": {"name": "Can delete log entry", "content_type": 1, "codename": "delete_logentry"}}, {"model": "auth.permission", "pk": 4, "fields": {"name": "Can view log entry", "content_type": 1, "codename": "view_logentry"}}, {"model": "auth.permission", "pk": 5, "fields": {"name": "Can add permission", "content_type": 2, "codename": "add_permission"}}, {"model": "auth.permission", "pk": 6, "fields": {"name": "Can change permission", "content_type": 2, "codename": "change_permission"}}, {"model": "auth.permission", "pk": 7, "fields": {"name": "Can delete permission", "content_type": 2, "codename": "delete_permission"}}, {"model": "auth.permission", "pk": 8, "fields": {"name": "Can view permission", "content_type": 2, "codename": "view_permission"}}, {"model": "auth.permission", "pk": 9, "fields": {"name": "Can add group", "content_type": 3, "codename": "add_group"}}, {"model": "auth.permission", "pk": 10, "fields": {"name": "Can change group", "content_type": 3, "codename": "change_group"}}, {"model": "auth.permission", "pk": 11, "fields": {"name": "Can delete group", "content_type": 3, "codename": "delete_group"}}, {"model": "auth.permission", "pk": 12, "fields": {"name": "Can view group", "content_type": 3, "codename": "view_group"}}, {"model": "auth.permission", "pk": 13, "fields": {"name": "Can add content type", "content_type": 4, "codename": "add_contenttype"}}, {"model": "auth.permission", "pk": 14, "fields": {"name": "Can change content type", "content_type": 4, "codename": "change_contenttype"}}, {"model": "auth.permission", "pk": 15, "fields": {"name": "Can delete content type", "content_type": 4, "codename": "delete_contenttype"}}, {"model": "auth.permission", "pk": 16, "fields": {"name": "Can view content type", "content_type": 4, "codename": "view_contenttype"}}, {"model": "auth.permission", "pk": 17, "fields": {"name": "Can add session", "content_type": 5, "codename": "add_session"}}, {"model": "auth.permission", "pk": 18, "fields": {"name": "Can change session", "content_type": 5, "codename": "change_session"}}, {"model": "auth.permission", "pk": 19, "fields": {"name": "Can delete session", "content_type": 5, "codename": "delete_session"}}, {"model": "auth.permission", "pk": 20, "fields": {"name": "Can view session", "content_type": 5, "codename": "view_session"}}, {"model": "auth.permission", "pk": 21, "fields": {"name": "Can add user", "content_type": 6, "codename": "add_user"}}, {"model": "auth.permission", "pk": 22, "fields": {"name": "Can change user", "content_type": 6, "codename": "change_user"}}, {"model": "auth.permission", "pk": 23, "fields": {"name": "Can delete user", "content_type": 6, "codename": "delete_user"}}, {"model": "auth.permission", "pk": 24, "fields": {"name": "Can view user", "content_type": 6, "codename": "view_user"}}, {"model": "auth.permission", "pk": 25, "fields": {"name": "Can add cook", "content_type": 7, "codename": "add_cook"}}, {"model": "auth.permission", "pk": 26, "fields": {"name": "Can change cook", "content_type": 7, "codename": "change_cook"}}, {"model": "auth.permission", "pk": 27, "fields": {"name": "Can delete cook", "content_type": 7, "codename": "delete_cook"}}, {"model": "auth.permission", "pk": 28, "fields": {"name": "Can view cook", "content_type": 7, "codename": "view_cook"}}, {"model": "auth.permission", "pk": 29, "fields": {"name": "Can add cuisine", "content_type": 8, "codename": "add_cuisine"}}, {"model": "auth.permission", "pk": 30, "fields": {"name": "Can change cuisine", "content_type": 8, "codename": "change_cuisine"}}, {"model": "auth.permission", "pk": 31, "fields": {"name": "Can delete cuisine", "content_type": 8, "codename": "delete_cuisine"}}, {"model": "auth.permission", "pk": 32, "fields": {"name": "Can view cuisine", "content_type": 8, "codename": "view_cuisine"}}, {"model": "auth.permission", "pk": 33, "fields": {"name": "Can add dish", "content_type": 9, "codename": "add_dish"}}, {"model": "auth.permission", "pk": 34, "fields": {"name": "Can change dish", "content_type": 9, "codename": "change_dish"}}, {"model": "auth.permission", "pk": 35, "fields": {"name": "Can delete dish", "content_type": 9, "codename": "delete_dish"}}, {"model": "auth.permission", "pk": 36, "fields": {"name": "Can view dish", "content_type": 9, "codename": "view_dish"}}, {"model": "auth.permission", "pk": 37, "fields": {"name": "Can add customer", "content_type": 10, "codename": "add_customer"}}, {"model": "auth.permission", "pk": 38, "fields": {"name": "Can change customer", "content_type": 10, "codename": "change_customer"}}, {"model": "auth.permission", "pk": 39, "fields": {"name": "Can delete customer", "content_type": 10, "codename": "delete_customer"}}, {"model": "auth.permission", "pk": 40, "fields": {"name": "Can view customer", "content_type": 10, "codename": "view_customer"}}, {"model": "auth.permission", "pk": 41, "fields": {"name": "Can add Dish Review", "content_type": 11, "codename": "add_dish_review"}}, {"model": "auth.permission", "pk": 42, "fields": {"name": "Can change Dish Review", "content_type": 11, "codename": "change_dish_review"}}, {"model": "auth.permission", "pk": 43, "fields": {"name": "Can delete Dish Review", "content_type": 11, "codename": "delete_dish_review"}}, {"model": "auth.permission", "pk": 44, "fields": {"name": "Can view Dish Review", "content_type": 11, "codename": "view_dish_review"}}, {"model": "auth.permission", "pk": 45, "fields": {"name": "Can add address", "content_type": 12, "codename": "add_address"}}, {"model": "auth.permission", "pk": 46, "fields": {"name": "Can change address", "content_type": 12, "codename": "change_address"}}, {"model": "auth.permission", "pk": 47, "fields": {"name": "Can delete address", "content_type": 12, "codename": "delete_address"}}, {"model": "auth.permission", "pk": 48, "fields": {"name": "Can view address", "content_type": 12, "codename": "view_address"}}, {"model": "auth.permission", "pk": 49, "fields": {"name": "Can add order", "content_type": 13, "codename": "add_order"}}, {"model": "auth.permission", "pk": 50, "fields": {"name": "Can change order", "content_type": 13, "codename": "change_order"}}, {"model": "auth.permission", "pk": 51, "fields": {"name": "Can delete order", "content_type": 13, "codename": "delete_order"}}, {"model": "auth.permission", "pk": 52, "fields": {"name": "Can view order", "content_type": 13, "codename": "view_order"}}, {"model": "auth.permission", "pk": 53, "fields": {"name": "Can add item", "content_type": 14, "codename": "add_item"}}, {"model": "auth.permission", "pk": 54, "fields": {"name": "Can change item", "content_type": 14, "codename": "change_item"}}, {"model": "auth.permission", "pk": 55, "fields": {"name": "Can delete item", "content_type": 14, "codename": "delete_item"}}, {"model": "auth.permission", "pk": 56, "fields": {"name": "Can view item", "content_type": 14, "codename": "view_item"}}, {"model": "homeeats_app.user", "pk": 1, "fields": {"password": "pbkdf2_sha256$100000$B2anJKE1l7ky$Bk3XQ3uadLDM9cdHKcbRmfRLIDZHZ/A8nnqNeiqRLtQ=", "last_login": "2019-11-11T07:03:47.748Z", "is_superuser": true, "username": "ankith", "first_name": "", "last_name": "", "email": "ankith@ankith.com", "is_staff": true, "is_active": true, "date_joined": "2019-10-31T01:55:24.505Z", "is_cook": false, "is_customer": false, "groups": [], "user_permissions": []}}, {"model": "homeeats_app.user", "pk": 2, "fields": {"password": "pbkdf2_sha256$100000$yWlTI4ee4tcK$TS/tei/oKT4xrmZe/arqg7mvUDULt/uPX/MXqbVUPhA=", "last_login": "2019-11-11T19:50:14Z", "is_superuser": false, "username": "ramsey@ramsey.com", "first_name": "Gordon", "last_name": "Ramsey", "email": "", "is_staff": false, "is_active": true, "date_joined": "2019-10-31T01:57:10Z", "is_cook": true, "is_customer": false, "groups": [], "user_permissions": []}}, {"model": "homeeats_app.user", "pk": 3, "fields": {"password": "pbkdf2_sha256$150000$WQK850EeTDtd$wztuT7RUN+81C+vledydYiLwvsn1Ds3ufxzs8bcGfus=", "last_login": "2019-10-31T17:17:42.066Z", "is_superuser": false, "username": "customer@customer.com", "first_name": "Customer", "last_name": "Customer", "email": "", "is_staff": false, "is_active": true, "date_joined": "2019-10-31T17:17:28.941Z", "is_cook": false, "is_customer": true, "groups": [], "user_permissions": []}}, {"model": "homeeats_app.user", "pk": 4, "fields": {"password": "pbkdf2_sha256$150000$5R1dlTwg78rK$Lj3qYr+Cnqxlq59f2JMzsQkpzGzo06+luWLHH756qYc=", "last_login": "2019-11-11T18:59:57.853Z", "is_superuser": false, "username": "customer@email.com", "first_name": "Cus", "last_name": "tomer", "email": "", "is_staff": false, "is_active": true, "date_joined": "2019-11-01T15:35:46.572Z", "is_cook": false, "is_customer": true, "groups": [], "user_permissions": []}}, {"model": "homeeats_app.user", "pk": 5, "fields": {"password": "pbkdf2_sha256$100000$2u7awFhaciJY$VmKNbCAYsgXFjeggyfEBW3gFWCY732EKZKguEfXadtQ=", "last_login": "2019-11-11T04:30:31.979Z", "is_superuser": false, "username": "anki@anki.com", "first_name": "Ankith", "last_name": "Yennu", "email": "", "is_staff": false, "is_active": true, "date_joined": "2019-11-05T02:10:02.902Z", "is_cook": false, "is_customer": true, "groups": [], "user_permissions": []}}, {"model": "homeeats_app.user", "pk": 6, "fields": {"password": "pbkdf2_sha256$100000$OJXATK7HVlJg$SYRDlayS6FQVEb7ymS8N5tq91FNwWdUH5HiGyF3+c1k=", "last_login": "2019-11-11T20:51:39.256Z", "is_superuser": true, "username": "admin", "first_name": "", "last_name": "", "email": "admin@admin.com", "is_staff": true, "is_active": true, "date_joined": "2019-11-11T19:10:40.577Z", "is_cook": false, "is_customer": false, "groups": [], "user_permissions": []}}, {"model": "homeeats_app.user", "pk": 7, "fields": {"password": "pbkdf2_sha256$150000$hmLzYx5c0aJ2$f6doOyezF5yC9vT/g4cmqU53ruHurGsWAaof5Sa4U48=", "last_login": "2019-11-11T20:25:26.345Z", "is_superuser": false, "username": "test@cook.com", "first_name": "Test", "last_name": "Cook", "email": "", "is_staff": false, "is_active": true, "date_joined": "2019-11-11T19:13:54.258Z", "is_cook": true, "is_customer": false, "groups": [], "user_permissions": []}}, {"model": "homeeats_app.user", "pk": 8, "fields": {"password": "pbkdf2_sha256$100000$zv1xuWQHqp4o$G1TlPrJZRBAmsrZOgIMaRgQ86GnMnblsIuizMjkKY0k=", "last_login": "2019-11-11T20:54:40.999Z", "is_superuser": false, "username": "test@customer.com", "first_name": "Test", "last_name": "Customer", "email": "", "is_staff": false, "is_active": true, "date_joined": "2019-11-11T19:17:00.956Z", "is_cook": false, "is_customer": true, "groups": [], "user_permissions": []}}, {"model": "homeeats_app.cook", "pk": 1, "fields": {"approved": true, "online": true, "kitchen_license": "adfasdfasd", "phone_number": "123123", "user": 2, "delivery_distance_miles": 30}}, {"model": "homeeats_app.cook", "pk": 2, "fields": {"approved": true, "online": false, "kitchen_license": "12345", "phone_number": "4348769087", "user": 7, "delivery_distance_miles": 30}}, {"model": "homeeats_app.customer", "pk": 1, "fields": {"phone_number": "7037862142", "user": 3, "favorites": []}}, {"model": "homeeats_app.customer", "pk": 2, "fields": {"phone_number": "1234567890", "user": 4, "favorites": []}}, {"model": "homeeats_app.customer", "pk": 3, "fields": {"phone_number": "0123456789", "user": 5, "favorites": []}}, {"model": "homeeats_app.customer", "pk": 4, "fields": {"phone_number": "4341230987", "user": 8, "favorites": []}}, {"model": "admin.logentry", "pk": 1, "fields": {"action_time": "2019-10-31T01:58:11.918Z", "user": 1, "content_type": 8, "object_id": "1", "object_repr": "Italian cuisine (1)", "action_flag": 1, "change_message": "[{\"added\": {}}]"}}, {"model": "admin.logentry", "pk": 2, "fields": {"action_time": "2019-10-31T01:58:19.118Z", "user": 1, "content_type": 8, "object_id": "2", "object_repr": "Indian cuisine (2)", "action_flag": 1, "change_message": "[{\"added\": {}}]"}}, {"model": "admin.logentry", "pk": 3, "fields": {"action_time": "2019-10-31T01:58:25.121Z", "user": 1, "content_type": 8, "object_id": "3", "object_repr": "Mexican cuisine (3)", "action_flag": 1, "change_message": "[{\"added\": {}}]"}}, {"model": "admin.logentry", "pk": 4, "fields": {"action_time": "2019-10-31T02:00:14.603Z", "user": 1, "content_type": 9, "object_id": "1", "object_repr": "Tacos (1)", "action_flag": 1, "change_message": "[{\"added\": {}}]"}}, {"model": "admin.logentry", "pk": 5, "fields": {"action_time": "2019-10-31T02:00:40.665Z", "user": 1, "content_type": 9, "object_id": "2", "object_repr": "Pasta (2)", "action_flag": 1, "change_message": "[{\"added\": {}}]"}}, {"model": "admin.logentry", "pk": 6, "fields": {"action_time": "2019-10-31T02:01:10.509Z", "user": 1, "content_type": 9, "object_id": "3", "object_repr": "dasdasdas (3)", "action_flag": 1, "change_message": "[{\"added\": {}}]"}}, {"model": "admin.logentry", "pk": 7, "fields": {"action_time": "2019-10-31T02:01:45.206Z", "user": 1, "content_type": 9, "object_id": "4", "object_repr": "Butter Chicken (4)", "action_flag": 1, "change_message": "[{\"added\": {}}]"}}, {"model": "admin.logentry", "pk": 8, "fields": {"action_time": "2019-10-31T17:19:12.760Z", "user": 1, "content_type": 13, "object_id": "1", "object_repr": "Order object (1)", "action_flag": 1, "change_message": "[{\"added\": {}}]"}}, {"model": "admin.logentry", "pk": 9, "fields": {"action_time": "2019-10-31T17:19:30.683Z", "user": 1, "content_type": 13, "object_id": "2", "object_repr": "Order object (2)", "action_flag": 1, "change_message": "[{\"added\": {}}]"}}, {"model": "admin.logentry", "pk": 10, "fields": {"action_time": "2019-10-31T17:19:58.333Z", "user": 1, "content_type": 14, "object_id": "1", "object_repr": "Item object (1)", "action_flag": 1, "change_message": "[{\"added\": {}}]"}}, {"model": "admin.logentry", "pk": 11, "fields": {"action_time": "2019-10-31T17:20:06.525Z", "user": 1, "content_type": 14, "object_id": "2", "object_repr": "Item object (2)", "action_flag": 1, "change_message": "[{\"added\": {}}]"}}, {"model": "admin.logentry", "pk": 12, "fields": {"action_time": "2019-10-31T17:20:14.764Z", "user": 1, "content_type": 14, "object_id": "3", "object_repr": "Item object (3)", "action_flag": 1, "change_message": "[{\"added\": {}}]"}}, {"model": "admin.logentry", "pk": 13, "fields": {"action_time": "2019-11-05T02:05:09.311Z", "user": 1, "content_type": 12, "object_id": "3", "object_repr": "Address object (3)", "action_flag": 1, "change_message": "[{\"added\": {}}]"}}, {"model": "admin.logentry", "pk": 14, "fields": {"action_time": "2019-11-05T02:08:23.314Z", "user": 1, "content_type": 12, "object_id": "3", "object_repr": "Address object (3)", "action_flag": 2, "change_message": "[{\"changed\": {\"fields\": [\"is_cook_address\"]}}]"}}, {"model": "admin.logentry", "pk": 15, "fields": {"action_time": "2019-11-05T02:08:32.811Z", "user": 1, "content_type": 12, "object_id": "3", "object_repr": "Address object (3)", "action_flag": 2, "change_message": "[]"}}, {"model": "admin.logentry", "pk": 16, "fields": {"action_time": "2019-11-05T04:34:48.773Z", "user": 1, "content_type": 7, "object_id": "1", "object_repr": "Cook d d (1)", "action_flag": 2, "change_message": "[{\"changed\": {\"fields\": [\"approved\"]}}]"}}, {"model": "admin.logentry", "pk": 17, "fields": {"action_time": "2019-11-11T19:14:30.704Z", "user": 6, "content_type": 7, "object_id": "2", "object_repr": "Cook Test Cook (2)", "action_flag": 2, "change_message": "[{\"changed\": {\"fields\": [\"approved\"]}}]"}}, {"model": "admin.logentry", "pk": 18, "fields": {"action_time": "2019-11-11T19:15:30.394Z", "user": 6, "content_type": 13, "object_id": "2", "object_repr": "Order object (2)", "action_flag": 2, "change_message": "[{\"changed\": {\"fields\": [\"status\"]}}]"}}, {"model": "admin.logentry", "pk": 19, "fields": {"action_time": "2019-11-11T19:15:36.497Z", "user": 6, "content_type": 13, "object_id": "1", "object_repr": "Order object (1)", "action_flag": 2, "change_message": "[{\"changed\": {\"fields\": [\"status\"]}}]"}}, {"model": "admin.logentry", "pk": 20, "fields": {"action_time": "2019-11-11T19:40:21.511Z", "user": 6, "content_type": 13, "object_id": "3", "object_repr": "Order object (3)", "action_flag": 1, "change_message": "[{\"added\": {}}]"}}, {"model": "admin.logentry", "pk": 21, "fields": {"action_time": "2019-11-11T19:40:38.952Z", "user": 6, "content_type": 14, "object_id": "3", "object_repr": "Item object (3)", "action_flag": 1, "change_message": "[{\"added\": {}}]"}}, {"model": "admin.logentry", "pk": 22, "fields": {"action_time": "2019-11-11T19:41:25.354Z", "user": 6, "content_type": 13, "object_id": "3", "object_repr": "Order object (3)", "action_flag": 2, "change_message": "[{\"changed\": {\"fields\": [\"name\"]}}]"}}, {"model": "admin.logentry", "pk": 23, "fields": {"action_time": "2019-11-11T19:41:58.604Z", "user": 6, "content_type": 13, "object_id": "4", "object_repr": "Order object (4)", "action_flag": 1, "change_message": "[{\"added\": {}}]"}}, {"model": "admin.logentry", "pk": 24, "fields": {"action_time": "2019-11-11T19:42:12.255Z", "user": 6, "content_type": 14, "object_id": "4", "object_repr": "Item object (4)", "action_flag": 1, "change_message": "[{\"added\": {}}]"}}, {"model": "admin.logentry", "pk": 25, "fields": {"action_time": "2019-11-11T20:54:19.383Z", "user": 6, "content_type": 6, "object_id": "2", "object_repr": "ramsey@ramsey.com", "action_flag": 2, "change_message": "[{\"changed\": {\"fields\": [\"first_name\", \"last_name\"]}}]"}}]